code,first_level
AD-02,AD-02
AD-03,AD-03
AD-04,AD-04
AD-05,AD-05
AD-06,AD-06
AD-07,AD-07
AD-08,AD-08
AE-AJ,AE-AJ
AE-AZ,AE-AZ
AE-DU,AE-DU
AE-FU,AE-FU
AE-RK,AE-RK
AE-SH,AE-SH
AE-UQ,AE-UQ
AF-BAL,AF-BAL
AF-BAM,AF-BAM
AF-BDG,AF-BDG
AF-BDS,AF-BDS
AF-BGL,AF-BGL
AF-DAY,AF-DAY
AF-FRA,AF-FRA
AF-FYB,AF-FYB
AF-GHA,AF-GHA
AF-GHO,AF-GHO
AF-HEL,AF-HEL
AF-HER,AF-HER
AF-JOW,AF-JOW
AF-KAB,AF-KAB
AF-KAN,AF-KAN
AF-KAP,AF-KAP
AF-KDZ,AF-KDZ
AF-KHO,AF-KHO
AF-KNR,AF-KNR
AF-LAG,AF-LAG
AF-LOG,AF-LOG
AF-NAN,AF-NAN
AF-NIM,AF-NIM
AF-NUR,AF-NUR
AF-PAN,AF-PAN
AF-PAR,AF-PAR
AF-PIA,AF-PIA
AF-PKA,AF-PKA
AF-SAM,AF-SAM
AF-SAR,AF-SAR
AF-TAK,AF-TAK
AF-URU,AF-URU
AF-WAR,AF-WAR
AF-ZAB,AF-ZAB
AG-03,AG-03
AG-04,AG-04
AG-05,AG-05
AG-06,AG-06
AG-07,AG-07
AG-08,AG-08
AG-10,AG-10
AG-11,AG-11
AL-01,AL-01
AL-02,AL-02
AL-03,AL-03
AL-04,AL-04
AL-05,AL-05
AL-06,AL-06
AL-07,AL-07
AL-08,AL-08
AL-09,AL-09
AL-10,AL-10
AL-11,AL-11
AL-12,AL-12
AM-AG,AM-AG
AM-AR,AM-AR
AM-AV,AM-AV
AM-ER,AM-ER
AM-GR,AM-GR
AM-KT,AM-KT
AM-LO,AM-LO
AM-SH,AM-SH
AM-SU,AM-SU
AM-TV,AM-TV
AM-VD,AM-VD
AO-BGO,AO-BGO
AO-BGU,AO-BGU
AO-BIE,AO-BIE
AO-CAB,AO-CAB
AO-CCU,AO-CCU
AO-CNN,AO-CNN
AO-CNO,AO-CNO
AO-CUS,AO-CUS
AO-HUA,AO-HUA
AO-HUI,AO-HUI
AO-LNO,AO-LNO
AO-LSU,AO-LSU
AO-LUA,AO-LUA
AO-MAL,AO-MAL
AO-MOX,AO-MOX
AO-NAM,AO-NAM
AO-UIG,AO-UIG
AO-ZAI,AO-ZAI
AR-A,AR-A
AR-B,AR-B
AR-C,AR-C
AR-D,AR-D
AR-E,AR-E
AR-F,AR-F
AR-G,AR-G
AR-H,AR-H
AR-J,AR-J
AR-K,AR-K
AR-L,AR-L
AR-M,AR-M
AR-N,AR-N
AR-P,AR-P
AR-Q,AR-Q
AR-R,AR-R
AR-S,AR-S
AR-T,AR-T
AR-U,AR-U
AR-V,AR-V
AR-W,AR-W
AR-X,AR-X
AR-Y,AR-Y
AR-Z,AR-Z
AT-1,AT-1
AT-2,AT-2
AT-3,AT-3
AT-4,AT-4
AT-5,AT-5
AT-6,AT-6
AT-7,AT-7
AT-8,AT-8
AT-9,AT-9
AU-ACT,AU-ACT
AU-NSW,AU-NSW
AU-NT,AU-NT
AU-QLD,AU-QLD
AU-SA,AU-SA
AU-TAS,AU-TAS
AU-VIC,AU-VIC
AU-WA,AU-WA
AZ-ABS,AZ-ABS
AZ-AGA,AZ-AGA
AZ-AGC,AZ-AGC
AZ-AGM,AZ-AGM
AZ-AGS,AZ-AGS
AZ-AGU,AZ-AGU
AZ-AST,AZ-AST
AZ-BA,AZ-BA
AZ-BAB,AZ-NX
AZ-BAL,AZ-BAL
AZ-BAR,AZ-BAR
AZ-BEY,AZ-BEY
AZ-BIL,AZ-BIL
AZ-CAB,AZ-CAB
AZ-CAL,AZ-CAL
AZ-CUL,AZ-NX
AZ-DAS,AZ-DAS
AZ-FUZ,AZ-FUZ
AZ-GA,AZ-GA
AZ-GAD,AZ-GAD
AZ-GOR,AZ-GOR
AZ-GOY,AZ-GOY
AZ-GYG,AZ-GYG
AZ-HAC,AZ-HAC
AZ-IMI,AZ-IMI
AZ-ISM,AZ-ISM
AZ-KAL,AZ-KAL
AZ-KAN,AZ-NX
AZ-KUR,AZ-KUR
AZ-LA,AZ-LA
AZ-LAC,AZ-LAC
AZ-LAN,AZ-LAN
AZ-LER,AZ-LER
AZ-MAS,AZ-MAS
AZ-MI,AZ-MI
AZ-NA,AZ-NA
AZ-NEF,AZ-NEF
AZ-NV,AZ-NX
AZ-NX,AZ-NX
AZ-OGU,AZ-OGU
AZ-ORD,AZ-NX
AZ-QAB,AZ-QAB
AZ-QAX,AZ-QAX
AZ-QAZ,AZ-QAZ
AZ-QBA,AZ-QBA
AZ-QBI,AZ-QBI
AZ-QOB,AZ-QOB
AZ-QUS,AZ-QUS
AZ-SA,AZ-SA
AZ-SAB,AZ-SAB
AZ-SAD,AZ-NX
AZ-SAH,AZ-NX
AZ-SAK,AZ-SAK
AZ-SAL,AZ-SAL
AZ-SAR,AZ-NX
AZ-SAT,AZ-SAT
AZ-SBN,AZ-SBN
AZ-SIY,AZ-SIY
AZ-SKR,AZ-SKR
AZ-SM,AZ-SM
AZ-SMI,AZ-SMI
AZ-SMX,AZ-SMX
AZ-SR,AZ-SR
AZ-SUS,AZ-SUS
AZ-TAR,AZ-TAR
AZ-TOV,AZ-TOV
AZ-UCA,AZ-UCA
AZ-XA,AZ-XA
AZ-XAC,AZ-XAC
AZ-XCI,AZ-XCI
AZ-XIZ,AZ-XIZ
AZ-XVD,AZ-XVD
AZ-YAR,AZ-YAR
AZ-YE,AZ-YE
AZ-YEV,AZ-YEV
AZ-ZAN,AZ-ZAN
AZ-ZAQ,AZ-ZAQ
AZ-ZAR,AZ-ZAR
BA-BIH,BA-BIH
BA-BRC,BA-BRC
BA-SRP,BA-SRP
BB-01,BB-01
BB-02,BB-02
BB-03,BB-03
BB-04,BB-04
BB-05,BB-05
BB-06,BB-06
BB-07,BB-07
BB-08,BB-08
BB-09,BB-09
BB-10,BB-10
BB-11,BB-11
BD-01,BD-B
BD-02,BD-A
BD-03,BD-E
BD-04,BD-B
BD-05,BD-D
BD-06,BD-A
BD-07,BD-A
BD-08,BD-B
BD-09,BD-B
BD-10,BD-B
BD-11,BD-B
BD-12,BD-D
BD-13,BD-C
BD-14,BD-F
BD-15,BD-C
BD-16,BD-B
BD-17,BD-C
BD-18,BD-C
BD-19,BD-F
BD-20,BD-G
BD-21,BD-H
BD-22,BD-D
BD-23,BD-D
BD-24,BD-E
BD-25,BD-A
BD-26,BD-C
BD-27,BD-D
BD-28,BD-F
BD-29,BD-B
BD-30,BD-D
BD-31,BD-B
BD-32,BD-F
BD-33,BD-C
BD-34,BD-H
BD-35,BD-C
BD-36,BD-C
BD-37,BD-D
BD-38,BD-G
BD-39,BD-D
BD-40,BD-C
BD-41,BD-H
BD-42,BD-C
BD-43,BD-D
BD-44,BD-E
BD-45,BD-E
BD-46,BD-F
BD-47,BD-B
BD-48,BD-E
BD-49,BD-E
BD-50,BD-A
BD-51,BD-A
BD-52,BD-F
BD-53,BD-C
BD-54,BD-E
BD-55,BD-F
BD-56,BD-B
BD-57,BD-H
BD-58,BD-D
BD-59,BD-E
BD-60,BD-G
BD-61,BD-G
BD-62,BD-C
BD-63,BD-C
BD-64,BD-F
BD-A,BD-A
BD-B,BD-B
BD-C,BD-C
BD-D,BD-D
BD-E,BD-E
BD-F,BD-F
BD-G,BD-G
BD-H,BD-H
BE-BRU,BE-BRU
BE-VAN,BE-VLG
BE-VBR,BE-VLG
BE-VLG,BE-VLG
BE-VLI,BE-VLG
BE-VOV,BE-VLG
BE-VWV,BE-VLG
BE-WAL,BE-WAL
BE-WBR,BE-WAL
BE-WHT,BE-WAL
BE-WLG,BE-WAL
BE-WLX,BE-WAL
BE-WNA,BE-WAL
BF-01,BF-01
BF-02,BF-02
BF-03,BF-03
BF-04,BF-04
BF-05,BF-05
BF-06,BF-06
BF-07,BF-07
BF-08,BF-08
BF-09,BF-09
BF-10,BF-10
BF-11,BF-11
BF-12,BF-12
BF-13,BF-13
BF-BAL,BF-01
BF-BAM,BF-05
BF-BAN,BF-01
BF-BAZ,BF-07
BF-BGR,BF-13
BF-BLG,BF-04
BF-BLK,BF-06
BF-COM,BF-02
BF-GAN,BF-11
BF-GNA,BF-08
BF-GOU,BF-08
BF-HOU,BF-09
BF-IOB,BF-13
BF-KAD,BF-03
BF-KEN,BF-09
BF-KMD,BF-08
BF-KMP,BF-08
BF-KOP,BF-04
BF-KOS,BF-01
BF-KOT,BF-04
BF-KOW,BF-11
BF-LER,BF-02
BF-LOR,BF-10
BF-MOU,BF-01
BF-NAM,BF-05
BF-NAO,BF-07
BF-NAY,BF-01
BF-NOU,BF-13
BF-OUB,BF-11
BF-OUD,BF-12
BF-PAS,BF-10
BF-PON,BF-13
BF-SEN,BF-12
BF-SIS,BF-06
BF-SMT,BF-05
BF-SNG,BF-06
BF-SOM,BF-12
BF-SOR,BF-01
BF-TAP,BF-08
BF-TUI,BF-09
BF-YAG,BF-12
BF-YAT,BF-10
BF-ZIR,BF-06
BF-ZON,BF-10
BF-ZOU,BF-07
BG-01,BG-01
BG-02,BG-02
BG-03,BG-03
BG-04,BG-04
BG-05,BG-05
BG-06,BG-06
BG-07,BG-07
BG-08,BG-08
BG-09,BG-09
BG-10,BG-10
BG-11,BG-11
BG-12,BG-12
BG-13,BG-13
BG-14,BG-14
BG-15,BG-15
BG-16,BG-16
BG-17,BG-17
BG-18,BG-18
BG-19,BG-19
BG-20,BG-20
BG-21,BG-21
BG-22,BG-22
BG-23,BG-23
BG-24,BG-24
BG-25,BG-25
BG-26,BG-26
BG-27,BG-27
BG-28,BG-28
BH-13,BH-13
BH-14,BH-14
BH-15,BH-15
BH-17,BH-17
BI-BB,BI-BB
BI-BL,BI-BL
BI-BM,BI-BM
BI-BR,BI-BR
BI-CA,BI-CA
BI-CI,BI-CI
BI-GI,BI-GI
BI-KI,BI-KI
BI-KR,BI-KR
BI-KY,BI-KY
BI-MA,BI-MA
BI-MU,BI-MU
BI-MW,BI-MW
BI-MY,BI-MY
BI-NG,BI-NG
BI-RM,BI-RM
BI-RT,BI-RT
BI-RY,BI-RY
BJ-AK,BJ-AK
BJ-AL,BJ-AL
BJ-AQ,BJ-AQ
BJ-BO,BJ-BO
BJ-CO,BJ-CO
BJ-DO,BJ-DO
BJ-KO,BJ-KO
BJ-LI,BJ-LI
BJ-MO,BJ-MO
BJ-OU,BJ-OU
BJ-PL,BJ-PL
BJ-ZO,BJ-ZO
BN-BE,BN-BE
BN-BM,BN-BM
BN-TE,BN-TE
BN-TU,BN-TU
BO-B,BO-B
BO-C,BO-C
BO-H,BO-H
BO-L,BO-L
BO-N,BO-N
BO-O,BO-O
BO-P,BO-P
BO-S,BO-S
BO-T,BO-T
BQ-BO,BQ-BO
BQ-SA,BQ-SA
BQ-SE,BQ-SE
BR-AC,BR-AC
BR-AL,BR-AL
BR-AM,BR-AM
BR-AP,BR-AP
BR-BA,BR-BA
BR-CE,BR-CE
BR-DF,BR-DF
BR-ES,BR-ES
BR-GO,BR-GO
BR-MA,BR-MA
BR-MG,BR-MG
BR-MS,BR-MS
BR-MT,BR-MT
BR-PA,BR-PA
BR-PB,BR-PB
BR-PE,BR-PE
BR-PI,BR-PI
BR-PR,BR-PR
BR-RJ,BR-RJ
BR-RN,BR-RN
BR-RO,BR-RO
BR-RR,BR-RR
BR-RS,BR-RS
BR-SC,BR-SC
BR-SE,BR-SE
BR-SP,BR-SP
BR-TO,BR-TO
BS-AK,BS-AK
BS-BI,BS-BI
BS-BP,BS-BP
BS-BY,BS-BY
BS-CE,BS-CE
BS-CI,BS-CI
BS-CK,BS-CK
BS-CO,BS-CO
BS-CS,BS-CS
BS-EG,BS-EG
BS-EX,BS-EX
BS-FP,BS-FP
BS-GC,BS-GC
BS-HI,BS-HI
BS-HT,BS-HT
BS-IN,BS-IN
BS-LI,BS-LI
BS-MC,BS-MC
BS-MG,BS-MG
BS-MI,BS-MI
BS-NE,BS-NE
BS-NO,BS-NO
BS-NP,BS-NP
BS-NS,BS-NS
BS-RC,BS-RC
BS-RI,BS-RI
BS-SA,BS-SA
BS-SE,BS-SE
BS-SO,BS-SO
BS-SS,BS-SS
BS-SW,BS-SW
BS-WG,BS-WG
BT-11,BT-11
BT-12,BT-12
BT-13,BT-13
BT-14,BT-14
BT-15,BT-15
BT-21,BT-21
BT-22,BT-22
BT-23,BT-23
BT-24,BT-24
BT-31,BT-31
BT-32,BT-32
BT-33,BT-33
BT-34,BT-34
BT-41,BT-41
BT-42,BT-42
BT-43,BT-43
BT-44,BT-44
BT-45,BT-45
BT-GA,BT-GA
BT-TY,BT-TY
BW-CE,BW-CE
BW-CH,BW-CH
BW-FR,BW-FR
BW-GA,BW-GA
BW-GH,BW-GH
BW-JW,BW-JW
BW-KG,BW-KG
BW-KL,BW-KL
BW-KW,BW-KW
BW-LO,BW-LO
BW-NE,BW-NE
BW-NW,BW-NW
BW-SE,BW-SE
BW-SO,BW-SO
BW-SP,BW-SP
BW-ST,BW-ST
BY-BR,BY-BR
BY-HM,BY-HM
BY-HO,BY-HO
BY-HR,BY-HR
BY-MA,BY-MA
BY-MI,BY-MI
BY-VI,BY-VI
BZ-BZ,BZ-BZ
BZ-CY,BZ-CY
BZ-CZL,BZ-CZL
BZ-OW,BZ-OW
BZ-SC,BZ-SC
BZ-TOL,BZ-TOL
CA-AB,CA-AB
CA-BC,CA-BC
CA-MB,CA-MB
CA-NB,CA-NB
CA-NL,CA-NL
CA-NS,CA-NS
CA-NT,CA-NT
CA-NU,CA-NU
CA-ON,CA-ON
CA-PE,CA-PE
CA-QC,CA-QC
CA-SK,CA-SK
CA-YT,CA-YT
CD-BC,CD-BC
CD-BU,CD-BU
CD-EQ,CD-EQ
CD-HK,CD-HK
CD-HL,CD-HL
CD-HU,CD-HU
CD-IT,CD-IT
CD-KC,CD-KC
CD-KE,CD-KE
CD-KG,CD-KG
CD-KL,CD-KL
CD-KN,CD-KN
CD-KS,CD-KS
CD-LO,CD-LO
CD-LU,CD-LU
CD-MA,CD-MA
CD-MN,CD-MN
CD-MO,CD-MO
CD-NK,CD-NK
CD-NU,CD-NU
CD-SA,CD-SA
CD-SK,CD-SK
CD-SU,CD-SU
CD-TA,CD-TA
CD-TO,CD-TO
CD-TU,CD-TU
CF-AC,CF-AC
CF-BB,CF-BB
CF-BGF,CF-BGF
CF-BK,CF-BK
CF-HK,CF-HK
CF-HM,CF-HM
CF-HS,CF-HS
CF-KB,CF-KB
CF-KG,CF-KG
CF-LB,CF-LB
CF-MB,CF-MB
CF-MP,CF-MP
CF-NM,CF-NM
CF-OP,CF-OP
CF-SE,CF-SE
CF-UK,CF-UK
CF-VK,CF-VK
CG-11,CG-11
CG-12,CG-12
CG-13,CG-13
CG-14,CG-14
CG-15,CG-15
CG-16,CG-16
CG-2,CG-2
CG-5,CG-5
CG-7,CG-7
CG-8,CG-8
CG-9,CG-9
CG-BZV,CG-BZV
CH-AG,CH-AG
CH-AI,CH-AI
CH-AR,CH-AR
CH-BE,CH-BE
CH-BL,CH-BL
CH-BS,CH-BS
CH-FR,CH-FR
CH-GE,CH-GE
CH-GL,CH-GL
CH-GR,CH-GR
CH-JU,CH-JU
CH-LU,CH-LU
CH-NE,CH-NE
CH-NW,CH-NW
CH-OW,CH-OW
CH-SG,CH-SG
CH-SH,CH-SH
CH-SO,CH-SO
CH-SZ,CH-SZ
CH-TG,CH-TG
CH-TI,CH-TI
CH-UR,CH-UR
CH-VD,CH-VD
CH-VS,CH-VS
CH-ZG,CH-ZG
CH-ZH,CH-ZH
CI-AB,CI-AB
CI-BS,CI-BS
CI-CM,CI-CM
CI-DN,CI-DN
CI-GD,CI-GD
CI-LC,CI-LC
CI-LG,CI-LG
CI-MG,CI-MG
CI-SM,CI-SM
CI-SV,CI-SV
CI-VB,CI-VB
CI-WR,CI-WR
CI-YM,CI-YM
CI-ZZ,CI-ZZ
CL-AI,CL-AI
CL-AN,CL-AN
CL-AP,CL-AP
CL-AR,CL-AR
CL-AT,CL-AT
CL-BI,CL-BI
CL-CO,CL-CO
CL-LI,CL-LI
CL-LL,CL-LL
CL-LR,CL-LR
CL-MA,CL-MA
CL-ML,CL-ML
CL-NB,CL-NB
CL-RM,CL-RM
CL-TA,CL-TA
CL-VS,CL-VS
CM-AD,CM-AD
CM-CE,CM-CE
CM-EN,CM-EN
CM-ES,CM-ES
CM-LT,CM-LT
CM-NO,CM-NO
CM-NW,CM-NW
CM-OU,CM-OU
CM-SU,CM-SU
CM-SW,CM-SW
CN-AH,CN-AH
CN-BJ,CN-BJ
CN-CQ,CN-CQ
CN-FJ,CN-FJ
CN-GD,CN-GD
CN-GS,CN-GS
CN-GX,CN-GX
CN-GZ,CN-GZ
CN-HA,CN-HA
CN-HB,CN-HB
CN-HE,CN-HE
CN-HI,CN-HI
CN-HK,CN-HK
CN-HL,CN-HL
CN-HN,CN-HN
CN-JL,CN-JL
CN-JS,CN-JS
CN-JX,CN-JX
CN-LN,CN-LN
CN-MO,CN-MO
CN-NM,CN-NM
CN-NX,CN-NX
CN-QH,CN-QH
CN-SC,CN-SC
CN-SD,CN-SD
CN-SH,CN-SH
CN-SN,CN-SN
CN-SX,CN-SX
CN-TJ,CN-TJ
CN-TW,CN-TW
CN-XJ,CN-XJ
CN-XZ,CN-XZ
CN-YN,CN-YN
CN-ZJ,CN-ZJ
CO-AMA,CO-AMA
CO-ANT,CO-ANT
CO-ARA,CO-ARA
CO-ATL,CO-ATL
CO-BOL,CO-BOL
CO-BOY,CO-BOY
CO-CAL,CO-CAL
CO-CAQ,CO-CAQ
CO-CAS,CO-CAS
CO-CAU,CO-CAU
CO-CES,CO-CES
CO-CHO,CO-CHO
CO-COR,CO-COR
CO-CUN,CO-CUN
CO-DC,CO-DC
CO-GUA,CO-GUA
CO-GUV,CO-GUV
CO-HUI,CO-HUI
CO-LAG,CO-LAG
CO-MAG,CO-MAG
CO-MET,CO-MET
CO-NAR,CO-NAR
CO-NSA,CO-NSA
CO-PUT,CO-PUT
CO-QUI,CO-QUI
CO-RIS,CO-RIS
CO-SAN,CO-SAN
CO-SAP,CO-SAP
CO-SUC,CO-SUC
CO-TOL,CO-TOL
CO-VAC,CO-VAC
CO-VAU,CO-VAU
CO-VID,CO-VID
CR-A,CR-A
CR-C,CR-C
CR-G,CR-G
CR-H,CR-H
CR-L,CR-L
CR-P,CR-P
CR-SJ,CR-SJ
CU-01,CU-01
CU-03,CU-03
CU-04,CU-04
CU-05,CU-05
CU-06,CU-06
CU-07,CU-07
CU-08,CU-08
CU-09,CU-09
CU-10,CU-10
CU-11,CU-11
CU-12,CU-12
CU-13,CU-13
CU-14,CU-14
CU-15,CU-15
CU-16,CU-16
CU-99,CU-99
CV-B,CV-B
CV-BR,CV-S
CV-BV,CV-B
CV-CA,CV-S
CV-CF,CV-S
CV-CR,CV-S
CV-MA,CV-S
CV-MO,CV-S
CV-PA,CV-B
CV-PN,CV-B
CV-PR,CV-S
CV-RB,CV-B
CV-RG,CV-B
CV-RS,CV-S
CV-S,CV-S
CV-SD,CV-S
CV-SF,CV-S
CV-SL,CV-B
CV-SM,CV-S
CV-SO,CV-S
CV-SS,CV-S
CV-SV,CV-B
CV-TA,CV-S
CV-TS,CV-B
CY-01,CY-01
CY-02,CY-02
CY-03,CY-03
CY-04,CY-04
CY-05,CY-05
CY-06,CY-06
CZ-10,CZ-10
CZ-20,CZ-20
CZ-201,CZ-20
CZ-202,CZ-20
CZ-203,CZ-20
CZ-204,CZ-20
CZ-205,CZ-20
CZ-206,CZ-20
CZ-207,CZ-20
CZ-208,CZ-20
CZ-209,CZ-20
CZ-20A,CZ-20
CZ-20B,CZ-20
CZ-20C,CZ-20
CZ-31,CZ-31
CZ-311,CZ-31
CZ-312,CZ-31
CZ-313,CZ-31
CZ-314,CZ-31
CZ-315,CZ-31
CZ-316,CZ-31
CZ-317,CZ-31
CZ-32,CZ-32
CZ-321,CZ-32
CZ-322,CZ-32
CZ-323,CZ-32
CZ-324,CZ-32
CZ-325,CZ-32
CZ-326,CZ-32
CZ-327,CZ-32
CZ-41,CZ-41
CZ-411,CZ-41
CZ-412,CZ-41
CZ-413,CZ-41
CZ-42,CZ-42
CZ-421,CZ-42
CZ-422,CZ-42
CZ-423,CZ-42
CZ-424,CZ-42
CZ-425,CZ-42
CZ-426,CZ-42
CZ-427,CZ-42
CZ-51,CZ-51
CZ-511,CZ-51
CZ-512,CZ-51
CZ-513,CZ-51
CZ-514,CZ-51
CZ-52,CZ-52
CZ-521,CZ-52
CZ-522,CZ-52
CZ-523,CZ-52
CZ-524,CZ-52
CZ-525,CZ-52
CZ-53,CZ-53
CZ-531,CZ-53
CZ-532,CZ-53
CZ-533,CZ-53
CZ-534,CZ-53
CZ-63,CZ-63
CZ-631,CZ-63
CZ-632,CZ-63
CZ-633,CZ-63
CZ-634,CZ-63
CZ-635,CZ-63
CZ-64,CZ-64
CZ-641,CZ-64
CZ-642,CZ-64
CZ-643,CZ-64
CZ-644,CZ-64
CZ-645,CZ-64
CZ-646,CZ-64
CZ-647,CZ-64
CZ-71,CZ-71
CZ-711,CZ-71
CZ-712,CZ-71
CZ-713,CZ-71
CZ-714,CZ-71
CZ-715,CZ-71
CZ-72,CZ-72
CZ-721,CZ-72
CZ-722,CZ-72
CZ-723,CZ-72
CZ-724,CZ-72
CZ-80,CZ-80
CZ-801,CZ-80
CZ-802,CZ-80
CZ-803,CZ-80
CZ-804,CZ-80
CZ-805,CZ-80
CZ-806,CZ-80
DE-BB,DE-BB
DE-BE,DE-BE
DE-BW,DE-BW
DE-BY,DE-BY
DE-HB,DE-HB
DE-HE,DE-HE
DE-HH,DE-HH
DE-MV,DE-MV
DE-NI,DE-NI
DE-NW,DE-NW
DE-RP,DE-RP
DE-SH,DE-SH
DE-SL,DE-SL
DE-SN,DE-SN
DE-ST,DE-ST
DE-TH,DE-TH
DJ-AR,DJ-AR
DJ-AS,DJ-AS
DJ-DI,DJ-DI
DJ-DJ,DJ-DJ
DJ-OB,DJ-OB
DJ-TA,DJ-TA
DK-81,DK-81
DK-82,DK-82
DK-83,DK-83
DK-84,DK-84
DK-85,DK-85
DM-02,DM-02
DM-03,DM-03
DM-04,DM-04
DM-05,DM-05
DM-06,DM-06
DM-07,DM-07
DM-08,DM-08
DM-09,DM-09
DM-10,DM-10
DM-11,DM-11
DO-01,DO-40
DO-02,DO-41
DO-03,DO-38
DO-04,DO-38
DO-05,DO-34
DO-06,DO-33
DO-07,DO-37
DO-08,DO-42
DO-09,DO-35
DO-10,DO-38
DO-11,DO-42
DO-12,DO-42
DO-13,DO-36
DO-14,DO-33
DO-15,DO-34
DO-16,DO-38
DO-17,DO-41
DO-18,DO-35
DO-19,DO-33
DO-20,DO-33
DO-21,DO-41
DO-22,DO-37
DO-23,DO-39
DO-24,DO-36
DO-25,DO-35
DO-26,DO-34
DO-27,DO-34
DO-28,DO-36
DO-29,DO-39
DO-30,DO-39
DO-31,DO-41
DO-32,DO-40
DO-33,DO-33
DO-34,DO-34
DO-35,DO-35
DO-36,DO-36
DO-37,DO-37
DO-38,DO-38
DO-39,DO-39
DO-40,DO-40
DO-41,DO-41
DO-42,DO-42
DZ-01,DZ-01
DZ-02,DZ-02
DZ-03,DZ-03
DZ-04,DZ-04
DZ-05,DZ-05
DZ-06,DZ-06
DZ-07,DZ-07
DZ-08,DZ-08
DZ-09,DZ-09
DZ-10,DZ-10
DZ-11,DZ-11
DZ-12,DZ-12
DZ-13,DZ-13
DZ-14,DZ-14
DZ-15,DZ-15
DZ-16,DZ-16
DZ-17,DZ-17
DZ-18,DZ-18
DZ-19,DZ-19
DZ-20,DZ-20
DZ-21,DZ-21
DZ-22,DZ-22
DZ-23,DZ-23
DZ-24,DZ-24
DZ-25,DZ-25
DZ-26,DZ-26
DZ-27,DZ-27
DZ-28,DZ-28
DZ-29,DZ-29
DZ-30,DZ-30
DZ-31,DZ-31
DZ-32,DZ-32
DZ-33,DZ-33
DZ-34,DZ-34
DZ-35,DZ-35
DZ-36,DZ-36
DZ-37,DZ-37
DZ-38,DZ-38
DZ-39,DZ-39
DZ-40,DZ-40
DZ-41,DZ-41
DZ-42,DZ-42
DZ-43,DZ-43
DZ-44,DZ-44
DZ-45,DZ-45
DZ-46,DZ-46
DZ-47,DZ-47
DZ-48,DZ-48
DZ-49,DZ-49
DZ-50,DZ-50
DZ-51,DZ-51
DZ-52,DZ-52
DZ-53,DZ-53
DZ-54,DZ-54
DZ-55,DZ-55
DZ-56,DZ-56
DZ-57,DZ-57
DZ-58,DZ-58
EC-A,EC-A
EC-B,EC-B
EC-C,EC-C
EC-D,EC-D
EC-E,EC-E
EC-F,EC-F
EC-G,EC-G
EC-H,EC-H
EC-I,EC-I
EC-L,EC-L
EC-M,EC-M
EC-N,EC-N
EC-O,EC-O
EC-P,EC-P
EC-R,EC-R
EC-S,EC-S
EC-SD,EC-SD
EC-SE,EC-SE
EC-T,EC-T
EC-U,EC-U
EC-W,EC-W
EC-X,EC-X
EC-Y,EC-Y
EC-Z,EC-Z
EE-130,EE-45
EE-141,EE-37
EE-142,EE-87
EE-171,EE-79
EE-184,EE-56
EE-191,EE-60
EE-198,EE-37
EE-205,EE-39
EE-214,EE-68
EE-245,EE-37
EE-247,EE-50
EE-251,EE-45
EE-255,EE-52
EE-272,EE-60
EE-283,EE-79
EE-284,EE-64
EE-291,EE-79
EE-293,EE-71
EE-296,EE-37
EE-303,EE-68
EE-305,EE-37
EE-317,EE-71
EE-321,EE-45
EE-338,EE-37
EE-353,EE-37
EE-37,EE-37
EE-39,EE-39
EE-424,EE-37
EE-430,EE-68
EE-431,EE-37
EE-432,EE-79
EE-441,EE-56
EE-442,EE-45
EE-446,EE-37
EE-45,EE-45
EE-478,EE-74
EE-480,EE-84
EE-486,EE-50
EE-50,EE-50
EE-503,EE-71
EE-511,EE-45
EE-514,EE-45
EE-52,EE-52
EE-528,EE-79
EE-557,EE-81
EE-56,EE-56
EE-567,EE-52
EE-586,EE-79
EE-60,EE-60
EE-615,EE-84
EE-618,EE-50
EE-622,EE-64
EE-624,EE-68
EE-638,EE-68
EE-64,EE-64
EE-651,EE-37
EE-653,EE-37
EE-661,EE-60
EE-663,EE-60
EE-668,EE-71
EE-68,EE-68
EE-689,EE-74
EE-698,EE-87
EE-708,EE-64
EE-71,EE-71
EE-712,EE-68
EE-714,EE-74
EE-719,EE-37
EE-726,EE-37
EE-732,EE-87
EE-735,EE-45
EE-74,EE-74
EE-784,EE-37
EE-79,EE-79
EE-792,EE-60
EE-793,EE-79
EE-796,EE-79
EE-803,EE-45
EE-809,EE-68
EE-81,EE-81
EE-824,EE-81
EE-834,EE-52
EE-84,EE-84
EE-855,EE-81
EE-87,EE-87
EE-890,EE-37
EE-897,EE-84
EE-899,EE-84
EE-901,EE-60
EE-903,EE-60
EE-907,EE-56
EE-917,EE-87
EE-919,EE-87
EE-928,EE-60
EG-ALX,EG-ALX
EG-ASN,EG-ASN
EG-AST,EG-AST
EG-BA,EG-BA
EG-BH,EG-BH
EG-BNS,EG-BNS
EG-C,EG-C
EG-DK,EG-DK
EG-DT,EG-DT
EG-FYM,EG-FYM
EG-GH,EG-GH
EG-GZ,EG-GZ
EG-IS,EG-IS
EG-JS,EG-JS
EG-KB,EG-KB
EG-KFS,EG-KFS
EG-KN,EG-KN
EG-LX,EG-LX
EG-MN,EG-MN
EG-MNF,EG-MNF
EG-MT,EG-MT
EG-PTS,EG-PTS
EG-SHG,EG-SHG
EG-SHR,EG-SHR
EG-SIN,EG-SIN
EG-SUZ,EG-SUZ
EG-WAD,EG-WAD
ER-AN,ER-AN
ER-DK,ER-DK
ER-DU,ER-DU
ER-GB,ER-GB
ER-MA,ER-MA
ER-SK,ER-SK
ES-A,ES-VC
ES-AB,ES-CM
ES-AL,ES-AN
ES-AN,ES-AN
ES-AR,ES-AR
ES-AS,ES-AS
ES-AV,ES-CL
ES-B,ES-CT
ES-BA,ES-EX
ES-BI,ES-PV
ES-BU,ES-CL
ES-C,ES-GA
ES-CA,ES-AN
ES-CB,ES-CB
ES-CC,ES-EX
ES-CE,ES-CE
ES-CL,ES-CL
ES-CM,ES-CM
ES-CN,ES-CN
ES-CO,ES-AN
ES-CR,ES-CM
ES-CS,ES-VC
ES-CT,ES-CT
ES-CU,ES-CM
ES-EX,ES-EX
ES-GA,ES-GA
ES-GC,ES-CN
ES-GI,ES-CT
ES-GR,ES-AN
ES-GU,ES-CM
ES-H,ES-AN
ES-HU,ES-AR
ES-IB,ES-IB
ES-J,ES-AN
ES-L,ES-CT
ES-LE,ES-CL
ES-LO,ES-RI
ES-LU,ES-GA
ES-M,ES-MD
ES-MA,ES-AN
ES-MC,ES-MC
ES-MD,ES-MD
ES-ML,ES-ML
ES-MU,ES-MC
ES-NA,ES-NC
ES-NC,ES-NC
ES-O,ES-AS
ES-OR,ES-GA
ES-P,ES-CL
ES-PM,ES-IB
ES-PO,ES-GA
ES-PV,ES-PV
ES-RI,ES-RI
ES-S,ES-CB
ES-SA,ES-CL
ES-SE,ES-AN
ES-SG,ES-CL
ES-SO,ES-CL
ES-SS,ES-PV
ES-T,ES-CT
ES-TE,ES-AR
ES-TF,ES-CN
ES-TO,ES-CM
ES-V,ES-VC
ES-VA,ES-CL
ES-VC,ES-VC
ES-VI,ES-PV
ES-Z,ES-AR
ES-ZA,ES-CL
ET-AA,ET-AA
ET-AF,ET-AF
ET-AM,ET-AM
ET-BE,ET-BE
ET-DD,ET-DD
ET-GA,ET-GA
ET-HA,ET-HA
ET-OR,ET-OR
ET-SI,ET-SI
ET-SN,ET-SN
ET-SO,ET-SO
ET-SW,ET-SW
ET-TI,ET-TI
FI-01,FI-01
FI-02,FI-02
FI-03,FI-03
FI-04,FI-04
FI-05,FI-05
FI-06,FI-06
FI-07,FI-07
FI-08,FI-08
FI-09,FI-09
FI-10,FI-10
FI-11,FI-11
FI-12,FI-12
FI-13,FI-13
FI-14,FI-14
FI-15,FI-15
FI-16,FI-16
FI-17,FI-17
FI-18,FI-18
FI-19,FI-19
FJ-01,FJ-W
FJ-02,FJ-N
FJ-03,FJ-N
FJ-04,FJ-E
FJ-05,FJ-E
FJ-06,FJ-E
FJ-07,FJ-N
FJ-08,FJ-W
FJ-09,FJ-C
FJ-10,FJ-C
FJ-11,FJ-W
FJ-12,FJ-C
FJ-13,FJ-C
FJ-14,FJ-C
FJ-C,FJ-C
FJ-E,FJ-E
FJ-N,FJ-N
FJ-R,FJ-R
FJ-W,FJ-W
FM-KSA,FM-KSA
FM-PNI,FM-PNI
FM-TRK,FM-TRK
FM-YAP,FM-YAP
FR-01,FR-ARA
FR-02,FR-HDF
FR-03,FR-ARA
FR-04,FR-PAC
FR-05,FR-PAC
FR-06,FR-PAC
FR-07,FR-ARA
FR-08,FR-GES
FR-09,FR-OCC
FR-10,FR-GES
FR-11,FR-OCC
FR-12,FR-OCC
FR-13,FR-PAC
FR-14,FR-NOR
FR-15,FR-ARA
FR-16,FR-NAQ
FR-17,FR-NAQ
FR-18,FR-CVL
FR-19,FR-NAQ
FR-20R,FR-20R
FR-21,FR-BFC
FR-22,FR-BRE
FR-23,FR-NAQ
FR-24,FR-NAQ
FR-25,FR-BFC
FR-26,FR-ARA
FR-27,FR-NOR
FR-28,FR-CVL
FR-29,FR-BRE
FR-2A,FR-20R
FR-2B,FR-20R
FR-30,FR-OCC
FR-31,FR-OCC
FR-32,FR-OCC
FR-33,FR-NAQ
FR-34,FR-OCC
FR-35,FR-BRE
FR-36,FR-CVL
FR-37,FR-CVL
FR-38,FR-ARA
FR-39,FR-BFC
FR-40,FR-NAQ
FR-41,FR-CVL
FR-42,FR-ARA
FR-43,FR-ARA
FR-44,FR-PDL
FR-45,FR-CVL
FR-46,FR-OCC
FR-47,FR-NAQ
FR-48,FR-OCC
FR-49,FR-PDL
FR-50,FR-NOR
FR-51,FR-GES
FR-52,FR-GES
FR-53,FR-PDL
FR-54,FR-GES
FR-55,FR-GES
FR-56,FR-BRE
FR-57,FR-GES
FR-58,FR-BFC
FR-59,FR-HDF
FR-60,FR-HDF
FR-61,FR-NOR
FR-62,FR-HDF
FR-63,FR-ARA
FR-64,FR-NAQ
FR-65,FR-OCC
FR-66,FR-OCC
FR-69,FR-ARA
FR-69M,FR-ARA
FR-6AE,FR-GES
FR-70,FR-BFC
FR-71,FR-BFC
FR-72,FR-PDL
FR-73,FR-ARA
FR-74,FR-ARA
FR-75C,FR-IDF
FR-76,FR-NOR
FR-77,FR-IDF
FR-78,FR-IDF
FR-79,FR-NAQ
FR-80,FR-HDF
FR-81,FR-OCC
FR-82,FR-OCC
FR-83,FR-PAC
FR-84,FR-PAC
FR-85,FR-PDL
FR-86,FR-NAQ
FR-87,FR-NAQ
FR-88,FR-GES
FR-89,FR-BFC
FR-90,FR-BFC
FR-91,FR-IDF
FR-92,FR-IDF
FR-93,FR-IDF
FR-94,FR-IDF
FR-95,FR-IDF
FR-971,FR-971
FR-972,FR-972
FR-973,FR-973
FR-974,FR-974
FR-976,FR-976
FR-ARA,FR-ARA
FR-BFC,FR-BFC
FR-BL,FR-BL
FR-BRE,FR-BRE
FR-CP,FR-CP
FR-CVL,FR-CVL
FR-GES,FR-GES
FR-HDF,FR-HDF
FR-IDF,FR-IDF
FR-MF,FR-MF
FR-NAQ,FR-NAQ
FR-NC,FR-NC
FR-NOR,FR-NOR
FR-OCC,FR-OCC
FR-PAC,FR-PAC
FR-PDL,FR-PDL
FR-PF,FR-PF
FR-PM,FR-PM
FR-TF,FR-TF
FR-WF,FR-WF
GA-1,GA-1
GA-2,GA-2
GA-3,GA-3
GA-4,GA-4
GA-5,GA-5
GA-6,GA-6
GA-7,GA-7
GA-8,GA-8
GA-9,GA-9
GB-ABC,GB-NIR
GB-ABD,GB-SCT
GB-ABE,GB-SCT
GB-AGB,GB-SCT
GB-AGY,GB-WLS
GB-AND,GB-NIR
GB-ANN,GB-NIR
GB-ANS,GB-SCT
GB-BAS,GB-ENG
GB-BBD,GB-ENG
GB-BCP,GB-ENG
GB-BDF,GB-ENG
GB-BDG,GB-ENG
GB-BEN,GB-ENG
GB-BEX,GB-ENG
GB-BFS,GB-NIR
GB-BGE,GB-WLS
GB-BGW,GB-WLS
GB-BIR,GB-ENG
GB-BKM,GB-ENG
GB-BNE,GB-ENG
GB-BNH,GB-ENG
GB-BNS,GB-ENG
GB-BOL,GB-ENG
GB-BPL,GB-ENG
GB-BRC,GB-ENG
GB-BRD,GB-ENG
GB-BRY,GB-ENG
GB-BST,GB-ENG
GB-BUR,GB-ENG
GB-CAM,GB-ENG
GB-CAY,GB-WLS
GB-CBF,GB-ENG
GB-CCG,GB-NIR
GB-CGN,GB-WLS
GB-CHE,GB-ENG
GB-CHW,GB-ENG
GB-CLD,GB-ENG
GB-CLK,GB-SCT
GB-CMA,GB-ENG
GB-CMD,GB-ENG
GB-CMN,GB-WLS
GB-CON,GB-ENG
GB-COV,GB-ENG
GB-CRF,GB-WLS
GB-CRY,GB-ENG
GB-CWY,GB-WLS
GB-DAL,GB-ENG
GB-DBY,GB-ENG
GB-DEN,GB-WLS
GB-DER,GB-ENG
GB-DEV,GB-ENG
GB-DGY,GB-SCT
GB-DNC,GB-ENG
GB-DND,GB-SCT
GB-DOR,GB-ENG
GB-DRS,GB-NIR
GB-DUD,GB-ENG
GB-DUR,GB-ENG
GB-EAL,GB-ENG
GB-EAY,GB-SCT
GB-EDH,GB-SCT
GB-EDU,GB-SCT
GB-ELN,GB-SCT
GB-ELS,GB-SCT
GB-ENF,GB-ENG
GB-ENG,GB-ENG
GB-ERW,GB-SCT
GB-ERY,GB-ENG
GB-ESS,GB-ENG
GB-ESX,GB-ENG
GB-FAL,GB-SCT
GB-FIF,GB-SCT
GB-FLN,GB-WLS
GB-FMO,GB-NIR
GB-GAT,GB-ENG
GB-GLG,GB-SCT
GB-GLS,GB-ENG
GB-GRE,GB-ENG
GB-GWN,GB-WLS
GB-HAL,GB-ENG
GB-HAM,GB-ENG
GB-HAV,GB-ENG
GB-HCK,GB-ENG
GB-HEF,GB-ENG
GB-HIL,GB-ENG
GB-HLD,GB-SCT
GB-HMF,GB-ENG
GB-HNS,GB-ENG
GB-HPL,GB-ENG
GB-HRT,GB-ENG
GB-HRW,GB-ENG
GB-HRY,GB-ENG
GB-IOS,GB-ENG
GB-IOW,GB-ENG
GB-ISL,GB-ENG
GB-IVC,GB-SCT
GB-KEC,GB-ENG
GB-KEN,GB-ENG
GB-KHL,GB-ENG
GB-KIR,GB-ENG
GB-KTT,GB-ENG
GB-KWL,GB-ENG
GB-LAN,GB-ENG
GB-LBC,GB-NIR
GB-LBH,GB-ENG
GB-LCE,GB-ENG
GB-LDS,GB-ENG
GB-LEC,GB-ENG
GB-LEW,GB-ENG
GB-LIN,GB-ENG
GB-LIV,GB-ENG
GB-LND,GB-ENG
GB-LUT,GB-ENG
GB-MAN,GB-ENG
GB-MDB,GB-ENG
GB-MDW,GB-ENG
GB-MEA,GB-NIR
GB-MIK,GB-ENG
GB-MLN,GB-SCT
GB-MON,GB-WLS
GB-MRT,GB-ENG
GB-MRY,GB-SCT
GB-MTY,GB-WLS
GB-MUL,GB-NIR
GB-NAY,GB-SCT
GB-NBL,GB-ENG
GB-NEL,GB-ENG
GB-NET,GB-ENG
GB-NFK,GB-ENG
GB-NGM,GB-ENG
GB-NIR,GB-NIR
GB-NLK,GB-SCT
GB-NLN,GB-ENG
GB-NMD,GB-NIR
GB-NNH,GB-ENG
GB-NSM,GB-ENG
GB-NTL,GB-WLS
GB-NTT,GB-ENG
GB-NTY,GB-ENG
GB-NWM,GB-ENG
GB-NWP,GB-WLS
GB-NYK,GB-ENG
GB-OLD,GB-ENG
GB-ORK,GB-SCT
GB-OXF,GB-ENG
GB-PEM,GB-WLS
GB-PKN,GB-SCT
GB-PLY,GB-ENG
GB-POR,GB-ENG
GB-POW,GB-WLS
GB-PTE,GB-ENG
GB-RCC,GB-ENG
GB-RCH,GB-ENG
GB-RCT,GB-WLS
GB-RDB,GB-ENG
GB-RDG,GB-ENG
GB-RFW,GB-SCT
GB-RIC,GB-ENG
GB-ROT,GB-ENG
GB-RUT,GB-ENG
GB-SAW,GB-ENG
GB-SAY,GB-SCT
GB-SCB,GB-SCT
GB-SCT,GB-SCT
GB-SFK,GB-ENG
GB-SFT,GB-ENG
GB-SGC,GB-ENG
GB-SHF,GB-ENG
GB-SHN,GB-ENG
GB-SHR,GB-ENG
GB-SKP,GB-ENG
GB-SLF,GB-ENG
GB-SLG,GB-ENG
GB-SLK,GB-SCT
GB-SND,GB-ENG
GB-SOL,GB-ENG
GB-SOM,GB-ENG
GB-SOS,GB-ENG
GB-SRY,GB-ENG
GB-STE,GB-ENG
GB-STG,GB-SCT
GB-STH,GB-ENG
GB-STN,GB-ENG
GB-STS,GB-ENG
GB-STT,GB-ENG
GB-STY,GB-ENG
GB-SWA,GB-WLS
GB-SWD,GB-ENG
GB-SWK,GB-ENG
GB-TAM,GB-ENG
GB-TFW,GB-ENG
GB-THR,GB-ENG
GB-TOB,GB-ENG
GB-TOF,GB-WLS
GB-TRF,GB-ENG
GB-TWH,GB-ENG
GB-VGL,GB-WLS
GB-WAR,GB-ENG
GB-WBK,GB-ENG
GB-WDU,GB-SCT
GB-WFT,GB-ENG
GB-WGN,GB-ENG
GB-WIL,GB-ENG
GB-WKF,GB-ENG
GB-WLL,GB-ENG
GB-WLN,GB-SCT
GB-WLS,GB-WLS
GB-WLV,GB-ENG
GB-WND,GB-ENG
GB-WNH,GB-ENG
GB-WNM,GB-ENG
GB-WOK,GB-ENG
GB-WOR,GB-ENG
GB-WRL,GB-ENG
GB-WRT,GB-ENG
GB-WRX,GB-WLS
GB-WSM,GB-ENG
GB-WSX,GB-ENG
GB-YOR,GB-ENG
GB-ZET,GB-SCT
GD-01,GD-01
GD-02,GD-02
GD-03,GD-03
GD-04,GD-04
GD-05,GD-05
GD-06,GD-06
GD-10,GD-10
GE-AB,GE-AB
GE-AJ,GE-AJ
GE-GU,GE-GU
GE-IM,GE-IM
GE-KA,GE-KA
GE-KK,GE-KK
GE-MM,GE-MM
GE-RL,GE-RL
GE-SJ,GE-SJ
GE-SK,GE-SK
GE-SZ,GE-SZ
GE-TB,GE-TB
GH-AA,GH-AA
GH-AF,GH-AF
GH-AH,GH-AH
GH-BE,GH-BE
GH-BO,GH-BO
GH-CP,GH-CP
GH-EP,GH-EP
GH-NE,GH-NE
GH-NP,GH-NP
GH-OT,GH-OT
GH-SV,GH-SV
GH-TV,GH-TV
GH-UE,GH-UE
GH-UW,GH-UW
GH-WN,GH-WN
GH-WP,GH-WP
GL-AV,GL-AV
GL-KU,GL-KU
GL-QE,GL-QE
GL-QT,GL-QT
GL-SM,GL-SM
GM-B,GM-B
GM-L,GM-L
GM-M,GM-M
GM-N,GM-N
GM-U,GM-U
GM-W,GM-W
GN-B,GN-B
GN-BE,GN-N
GN-BF,GN-B
GN-BK,GN-B
GN-C,GN-C
GN-CO,GN-D
GN-D,GN-D
GN-DB,GN-F
GN-DI,GN-F
GN-DL,GN-M
GN-DU,GN-D
GN-F,GN-F
GN-FA,GN-F
GN-FO,GN-D
GN-FR,GN-B
GN-GA,GN-B
GN-GU,GN-N
GN-K,GN-K
GN-KA,GN-K
GN-KB,GN-L
GN-KD,GN-D
GN-KE,GN-K
GN-KN,GN-B
GN-KO,GN-K
GN-KS,GN-F
GN-L,GN-L
GN-LA,GN-L
GN-LE,GN-L
GN-LO,GN-N
GN-M,GN-M
GN-MC,GN-N
GN-MD,GN-K
GN-ML,GN-L
GN-MM,GN-M
GN-N,GN-N
GN-NZ,GN-N
GN-PI,GN-M
GN-SI,GN-K
GN-TE,GN-D
GN-TO,GN-L
GN-YO,GN-N
GQ-AN,GQ-I
GQ-BN,GQ-I
GQ-BS,GQ-I
GQ-C,GQ-C
GQ-CS,GQ-C
GQ-DJ,GQ-C
GQ-I,GQ-I
GQ-KN,GQ-C
GQ-LI,GQ-C
GQ-WN,GQ-C
GR-69,GR-69
GR-A,GR-A
GR-B,GR-B
GR-C,GR-C
GR-D,GR-D
GR-E,GR-E
GR-F,GR-F
GR-G,GR-G
GR-H,GR-H
GR-I,GR-I
GR-J,GR-J
GR-K,GR-K
GR-L,GR-L
GR-M,GR-M
GT-01,GT-01
GT-02,GT-02
GT-03,GT-03
GT-04,GT-04
GT-05,GT-05
GT-06,GT-06
GT-07,GT-07
GT-08,GT-08
GT-09,GT-09
GT-10,GT-10
GT-11,GT-11
GT-12,GT-12
GT-13,GT-13
GT-14,GT-14
GT-15,GT-15
GT-16,GT-16
GT-17,GT-17
GT-18,GT-18
GT-19,GT-19
GT-20,GT-20
GT-21,GT-21
GT-22,GT-22
GW-BA,GW-L
GW-BL,GW-S
GW-BM,GW-N
GW-BS,GW-BS
GW-CA,GW-N
GW-GA,GW-L
GW-L,GW-L
GW-N,GW-N
GW-OI,GW-N
GW-QU,GW-S
GW-S,GW-S
GW-TO,GW-S
GY-BA,GY-BA
GY-CU,GY-CU
GY-DE,GY-DE
GY-EB,GY-EB
GY-ES,GY-ES
GY-MA,GY-MA
GY-PM,GY-PM
GY-PT,GY-PT
GY-UD,GY-UD
GY-UT,GY-UT
HN-AT,HN-AT
HN-CH,HN-CH
HN-CL,HN-CL
HN-CM,HN-CM
HN-CP,HN-CP
HN-CR,HN-CR
HN-EP,HN-EP
HN-FM,HN-FM
HN-GD,HN-GD
HN-IB,HN-IB
HN-IN,HN-IN
HN-LE,HN-LE
HN-LP,HN-LP
HN-OC,HN-OC
HN-OL,HN-OL
HN-SB,HN-SB
HN-VA,HN-VA
HN-YO,HN-YO
HR-01,HR-01
HR-02,HR-02
HR-03,HR-03
HR-04,HR-04
HR-05,HR-05
HR-06,HR-06
HR-07,HR-07
HR-08,HR-08
HR-09,HR-09
HR-10,HR-10
HR-11,HR-11
HR-12,HR-12
HR-13,HR-13
HR-14,HR-14
HR-15,HR-15
HR-16,HR-16
HR-17,HR-17
HR-18,HR-18
HR-19,HR-19
HR-20,HR-20
HR-21,HR-21
HT-AR,HT-AR
HT-CE,HT-CE
HT-GA,HT-GA
HT-ND,HT-ND
HT-NE,HT-NE
HT-NI,HT-NI
HT-NO,HT-NO
HT-OU,HT-OU
HT-SD,HT-SD
HT-SE,HT-SE
HU-BA,HU-BA
HU-BC,HU-BC
HU-BE,HU-BE
HU-BK,HU-BK
HU-BU,HU-BU
HU-BZ,HU-BZ
HU-CS,HU-CS
HU-DE,HU-DE
HU-DU,HU-DU
HU-EG,HU-EG
HU-ER,HU-ER
HU-FE,HU-FE
HU-GS,HU-GS
HU-GY,HU-GY
HU-HB,HU-HB
HU-HE,HU-HE
HU-HV,HU-HV
HU-JN,HU-JN
HU-KE,HU-KE
HU-KM,HU-KM
HU-KV,HU-KV
HU-MI,HU-MI
HU-NK,HU-NK
HU-NO,HU-NO
HU-NY,HU-NY
HU-PE,HU-PE
HU-PS,HU-PS
HU-SD,HU-SD
HU-SF,HU-SF
HU-SH,HU-SH
HU-SK,HU-SK
HU-SN,HU-SN
HU-SO,HU-SO
HU-SS,HU-SS
HU-ST,HU-ST
HU-SZ,HU-SZ
HU-TB,HU-TB
HU-TO,HU-TO
HU-VA,HU-VA
HU-VE,HU-VE
HU-VM,HU-VM
HU-ZA,HU-ZA
HU-ZE,HU-ZE
ID-AC,ID-SM
ID-BA,ID-NU
ID-BB,ID-SM
ID-BE,ID-SM
ID-BT,ID-JW
ID-GO,ID-SL
ID-JA,ID-SM
ID-JB,ID-JW
ID-JI,ID-JW
ID-JK,ID-JW
ID-JT,ID-JW
ID-JW,ID-JW
ID-KA,ID-KA
ID-KB,ID-KA
ID-KI,ID-KA
ID-KR,ID-SM
ID-KS,ID-KA
ID-KT,ID-KA
ID-KU,ID-KA
ID-LA,ID-SM
ID-MA,ID-ML
ID-ML,ID-ML
ID-MU,ID-ML
ID-NB,ID-NU
ID-NT,ID-NU
ID-NU,ID-NU
ID-PA,ID-PP
ID-PB,ID-PP
ID-PD,ID-PP
ID-PE,ID-PP
ID-PP,ID-PP
ID-PS,ID-PP
ID-PT,ID-PP
ID-RI,ID-SM
ID-SA,ID-SL
ID-SB,ID-SM
ID-SG,ID-SL
ID-SL,ID-SL
ID-SM,ID-SM
ID-SN,ID-SL
ID-SR,ID-SL
ID-SS,ID-SM
ID-ST,ID-SL
ID-SU,ID-SM
ID-YO,ID-JW
IE-C,IE-C
IE-CE,IE-M
IE-CN,IE-U
IE-CO,IE-M
IE-CW,IE-L
IE-D,IE-L
IE-DL,IE-U
IE-G,IE-C
IE-KE,IE-L
IE-KK,IE-L
IE-KY,IE-M
IE-L,IE-L
IE-LD,IE-L
IE-LH,IE-L
IE-LK,IE-M
IE-LM,IE-C
IE-LS,IE-L
IE-M,IE-M
IE-MH,IE-L
IE-MN,IE-U
IE-MO,IE-C
IE-OY,IE-L
IE-RN,IE-C
IE-SO,IE-C
IE-TA,IE-M
IE-U,IE-U
IE-WD,IE-M
IE-WH,IE-L
IE-WW,IE-L
IE-WX,IE-L
IL-D,IL-D
IL-HA,IL-HA
IL-JM,IL-JM
IL-M,IL-M
IL-TA,IL-TA
IL-Z,IL-Z
IN-AN,IN-AN
IN-AP,IN-AP
IN-AR,IN-AR
IN-AS,IN-AS
IN-BR,IN-BR
IN-CG,IN-CG
IN-CH,IN-CH
IN-DH,IN-DH
IN-DL,IN-DL
IN-GA,IN-GA
IN-GJ,IN-GJ
IN-HP,IN-HP
IN-HR,IN-HR
IN-JH,IN-JH
IN-JK,IN-JK
IN-KA,IN-KA
IN-KL,IN-KL
IN-LA,IN-LA
IN-LD,IN-LD
IN-MH,IN-MH
IN-ML,IN-ML
IN-MN,IN-MN
IN-MP,IN-MP
IN-MZ,IN-MZ
IN-NL,IN-NL
IN-OD,IN-OD
IN-PB,IN-PB
IN-PY,IN-PY
IN-RJ,IN-RJ
IN-SK,IN-SK
IN-TN,IN-TN
IN-TR,IN-TR
IN-TS,IN-TS
IN-UK,IN-UK
IN-UP,IN-UP
IN-WB,IN-WB
IQ-AN,IQ-AN
IQ-AR,IQ-KR
IQ-BA,IQ-BA
IQ-BB,IQ-BB
IQ-BG,IQ-BG
IQ-DA,IQ-KR
IQ-DI,IQ-DI
IQ-DQ,IQ-DQ
IQ-KA,IQ-KA
IQ-KI,IQ-KI
IQ-KR,IQ-KR
IQ-MA,IQ-MA
IQ-MU,IQ-MU
IQ-NA,IQ-NA
IQ-NI,IQ-NI
IQ-QA,IQ-QA
IQ-SD,IQ-SD
IQ-SU,IQ-KR
IQ-WA,IQ-WA
IR-00,IR-00
IR-01,IR-01
IR-02,IR-02
IR-03,IR-03
IR-04,IR-04
IR-05,IR-05
IR-06,IR-06
IR-07,IR-07
IR-08,IR-08
IR-09,IR-09
IR-10,IR-10
IR-11,IR-11
IR-12,IR-12
IR-13,IR-13
IR-14,IR-14
IR-15,IR-15
IR-16,IR-16
IR-17,IR-17
IR-18,IR-18
IR-19,IR-19
IR-20,IR-20
IR-21,IR-21
IR-22,IR-22
IR-23,IR-23
IR-24,IR-24
IR-25,IR-25
IR-26,IR-26
IR-27,IR-27
IR-28,IR-28
IR-29,IR-29
IR-30,IR-30
IS-1,IS-1
IS-2,IS-2
IS-3,IS-3
IS-4,IS-4
IS-5,IS-5
IS-6,IS-6
IS-7,IS-7
IS-8,IS-8
IS-AKN,IS-3
IS-AKU,IS-6
IS-ARN,IS-4
IS-ASA,IS-8
IS-BLA,IS-8
IS-BOG,IS-3
IS-BOL,IS-4
IS-DAB,IS-3
IS-DAV,IS-6
IS-EOM,IS-3
IS-EYF,IS-6
IS-FJD,IS-7
IS-FJL,IS-6
IS-FLA,IS-8
IS-FLR,IS-7
IS-GAR,IS-1
IS-GOG,IS-8
IS-GRN,IS-2
IS-GRU,IS-3
IS-GRY,IS-6
IS-HAF,IS-1
IS-HRG,IS-6
IS-HRU,IS-8
IS-HUG,IS-5
IS-HUV,IS-5
IS-HVA,IS-3
IS-HVE,IS-8
IS-ISA,IS-4
IS-KAL,IS-4
IS-KJO,IS-1
IS-KOP,IS-1
IS-LAN,IS-6
IS-MOS,IS-1
IS-MUL,IS-7
IS-MYR,IS-8
IS-NOR,IS-6
IS-RGE,IS-8
IS-RGY,IS-8
IS-RHH,IS-4
IS-RKN,IS-2
IS-RKV,IS-1
IS-SBT,IS-6
IS-SDN,IS-2
IS-SDV,IS-4
IS-SEL,IS-1
IS-SFA,IS-8
IS-SHF,IS-7
IS-SKF,IS-8
IS-SKG,IS-5
IS-SKO,IS-3
IS-SKR,IS-5
IS-SNF,IS-3
IS-SOG,IS-8
IS-SOL,IS-8
IS-SSS,IS-5
IS-STR,IS-4
IS-STY,IS-3
IS-SVG,IS-2
IS-TAL,IS-4
IS-THG,IS-6
IS-TJO,IS-6
IS-VEM,IS-8
IS-VER,IS-4
IS-VOP,IS-7
IT-21,IT-21
IT-23,IT-23
IT-25,IT-25
IT-32,IT-32
IT-34,IT-34
IT-36,IT-36
IT-42,IT-42
IT-45,IT-45
IT-52,IT-52
IT-55,IT-55
IT-57,IT-57
IT-62,IT-62
IT-65,IT-65
IT-67,IT-67
IT-72,IT-72
IT-75,IT-75
IT-77,IT-77
IT-78,IT-78
IT-82,IT-82
IT-88,IT-88
IT-AG,IT-82
IT-AL,IT-21
IT-AN,IT-57
IT-AP,IT-57
IT-AQ,IT-65
IT-AR,IT-52
IT-AT,IT-21
IT-AV,IT-72
IT-BA,IT-75
IT-BG,IT-25
IT-BI,IT-21
IT-BL,IT-34
IT-BN,IT-72
IT-BO,IT-45
IT-BR,IT-75
IT-BS,IT-25
IT-BT,IT-75
IT-BZ,IT-32
IT-CA,IT-88
IT-CB,IT-67
IT-CE,IT-72
IT-CH,IT-65
IT-CL,IT-82
IT-CN,IT-21
IT-CO,IT-25
IT-CR,IT-25
IT-CS,IT-78
IT-CT,IT-82
IT-CZ,IT-78
IT-EN,IT-82
IT-FC,IT-45
IT-FE,IT-45
IT-FG,IT-75
IT-FI,IT-52
IT-FM,IT-57
IT-FR,IT-62
IT-GE,IT-42
IT-GO,IT-36
IT-GR,IT-52
IT-IM,IT-42
IT-IS,IT-67
IT-KR,IT-78
IT-LC,IT-25
IT-LE,IT-75
IT-LI,IT-52
IT-LO,IT-25
IT-LT,IT-62
IT-LU,IT-52
IT-MB,IT-25
IT-MC,IT-57
IT-ME,IT-82
IT-MI,IT-25
IT-MN,IT-25
IT-MO,IT-45
IT-MS,IT-52
IT-MT,IT-77
IT-NA,IT-72
IT-NO,IT-21
IT-NU,IT-88
IT-OR,IT-88
IT-PA,IT-82
IT-PC,IT-45
IT-PD,IT-34
IT-PE,IT-65
IT-PG,IT-55
IT-PI,IT-52
IT-PN,IT-36
IT-PO,IT-52
IT-PR,IT-45
IT-PT,IT-52
IT-PU,IT-57
IT-PV,IT-25
IT-PZ,IT-77
IT-RA,IT-45
IT-RC,IT-78
IT-RE,IT-45
IT-RG,IT-82
IT-RI,IT-62
IT-RM,IT-62
IT-RN,IT-45
IT-RO,IT-34
IT-SA,IT-72
IT-SI,IT-52
IT-SO,IT-25
IT-SP,IT-42
IT-SR,IT-82
IT-SS,IT-88
IT-SU,IT-88
IT-SV,IT-42
IT-TA,IT-75
IT-TE,IT-65
IT-TN,IT-32
IT-TO,IT-21
IT-TP,IT-82
IT-TR,IT-55
IT-TS,IT-36
IT-TV,IT-34
IT-UD,IT-36
IT-VA,IT-25
IT-VB,IT-21
IT-VC,IT-21
IT-VE,IT-34
IT-VI,IT-34
IT-VR,IT-34
IT-VT,IT-62
IT-VV,IT-78
JM-01,JM-01
JM-02,JM-02
JM-03,JM-03
JM-04,JM-04
JM-05,JM-05
JM-06,JM-06
JM-07,JM-07
JM-08,JM-08
JM-09,JM-09
JM-10,JM-10
JM-11,JM-11
JM-12,JM-12
JM-13,JM-13
JM-14,JM-14
JO-AJ,JO-AJ
JO-AM,JO-AM
JO-AQ,JO-AQ
JO-AT,JO-AT
JO-AZ,JO-AZ
JO-BA,JO-BA
JO-IR,JO-IR
JO-JA,JO-JA
JO-KA,JO-KA
JO-MA,JO-MA
JO-MD,JO-MD
JO-MN,JO-MN
JP-01,JP-01
JP-02,JP-02
JP-03,JP-03
JP-04,JP-04
JP-05,JP-05
JP-06,JP-06
JP-07,JP-07
JP-08,JP-08
JP-09,JP-09
JP-10,JP-10
JP-11,JP-11
JP-12,JP-12
JP-13,JP-13
JP-14,JP-14
JP-15,JP-15
JP-16,JP-16
JP-17,JP-17
JP-18,JP-18
JP-19,JP-19
JP-20,JP-20
JP-21,JP-21
JP-22,JP-22
JP-23,JP-23
JP-24,JP-24
JP-25,JP-25
JP-26,JP-26
JP-27,JP-27
JP-28,JP-28
JP-29,JP-29
JP-30,JP-30
JP-31,JP-31
JP-32,JP-32
JP-33,JP-33
JP-34,JP-34
JP-35,JP-35
JP-36,JP-36
JP-37,JP-37
JP-38,JP-38
JP-39,JP-39
JP-40,JP-40
JP-41,JP-41
JP-42,JP-42
JP-43,JP-43
JP-44,JP-44
JP-45,JP-45
JP-46,JP-46
JP-47,JP-47
KE-01,KE-01
KE-02,KE-02
KE-03,KE-03
KE-04,KE-04
KE-05,KE-05
KE-06,KE-06
KE-07,KE-07
KE-08,KE-08
KE-09,KE-09
KE-10,KE-10
KE-11,KE-11
KE-12,KE-12
KE-13,KE-13
KE-14,KE-14
KE-15,KE-15
KE-16,KE-16
KE-17,KE-17
KE-18,KE-18
KE-19,KE-19
KE-20,KE-20
KE-21,KE-21
KE-22,KE-22
KE-23,KE-23
KE-24,KE-24
KE-25,KE-25
KE-26,KE-26
KE-27,KE-27
KE-28,KE-28
KE-29,KE-29
KE-30,KE-30
KE-31,KE-31
KE-32,KE-32
KE-33,KE-33
KE-34,KE-34
KE-35,KE-35
KE-36,KE-36
KE-37,KE-37
KE-38,KE-38
KE-39,KE-39
KE-40,KE-40
KE-41,KE-41
KE-42,KE-42
KE-43,KE-43
KE-44,KE-44
KE-45,KE-45
KE-46,KE-46
KE-47,KE-47
KG-B,KG-B
KG-C,KG-C
KG-GB,KG-GB
KG-GO,KG-GO
KG-J,KG-J
KG-N,KG-N
KG-O,KG-O
KG-T,KG-T
KG-Y,KG-Y
KH-1,KH-1
KH-10,KH-10
KH-11,KH-11
KH-12,KH-12
KH-13,KH-13
KH-14,KH-14
KH-15,KH-15
KH-16,KH-16
KH-17,KH-17
KH-18,KH-18
KH-19,KH-19
KH-2,KH-2
KH-20,KH-20
KH-21,KH-21
KH-22,KH-22
KH-23,KH-23
KH-24,KH-24
KH-25,KH-25
KH-3,KH-3
KH-4,KH-4
KH-5,KH-5
KH-6,KH-6
KH-7,KH-7
KH-8,KH-8
KH-9,KH-9
KI-G,KI-G
KI-L,KI-L
KI-P,KI-P
KM-A,KM-A
KM-G,KM-G
KM-M,KM-M
KN-01,KN-K
KN-02,KN-K
KN-03,KN-K
KN-04,KN-N
KN-05,KN-N
KN-06,KN-K
KN-07,KN-N
KN-08,KN-K
KN-09,KN-K
KN-10,KN-N
KN-11,KN-K
KN-12,KN-N
KN-13,KN-K
KN-15,KN-K
KN-K,KN-K
KN-N,KN-N
KP-01,KP-01
KP-02,KP-02
KP-03,KP-03
KP-04,KP-04
KP-05,KP-05
KP-06,KP-06
KP-07,KP-07
KP-08,KP-08
KP-09,KP-09
KP-10,KP-10
KP-13,KP-13
KP-14,KP-14
KP-15,KP-15
KR-11,KR-11
KR-26,KR-26
KR-27,KR-27
KR-28,KR-28
KR-29,KR-29
KR-30,KR-30
KR-31,KR-31
KR-41,KR-41
KR-42,KR-42
KR-43,KR-43
KR-44,KR-44
KR-45,KR-45
KR-46,KR-46
KR-47,KR-47
KR-48,KR-48
KR-49,KR-49
KR-50,KR-50
KW-AH,KW-AH
KW-FA,KW-FA
KW-HA,KW-HA
KW-JA,KW-JA
KW-KU,KW-KU
KW-MU,KW-MU
KZ-10,KZ-10
KZ-11,KZ-11
KZ-15,KZ-15
KZ-19,KZ-19
KZ-23,KZ-23
KZ-27,KZ-27
KZ-31,KZ-31
KZ-33,KZ-33
KZ-35,KZ-35
KZ-39,KZ-39
KZ-43,KZ-43
KZ-47,KZ-47
KZ-55,KZ-55
KZ-59,KZ-59
KZ-61,KZ-61
KZ-62,KZ-62
KZ-63,KZ-63
KZ-71,KZ-71
KZ-75,KZ-75
KZ-79,KZ-79
LA-AT,LA-AT
LA-BK,LA-BK
LA-BL,LA-BL
LA-CH,LA-CH
LA-HO,LA-HO
LA-KH,LA-KH
LA-LM,LA-LM
LA-LP,LA-LP
LA-OU,LA-OU
LA-PH,LA-PH
LA-SL,LA-SL
LA-SV,LA-SV
LA-VI,LA-VI
LA-VT,LA-VT
LA-XA,LA-XA
LA-XE,LA-XE
LA-XI,LA-XI
LA-XS,LA-XS
LB-AK,LB-AK
LB-AS,LB-AS
LB-BA,LB-BA
LB-BH,LB-BH
LB-BI,LB-BI
LB-JA,LB-JA
LB-JL,LB-JL
LB-NA,LB-NA
LC-01,LC-01
LC-02,LC-02
LC-03,LC-03
LC-05,LC-05
LC-06,LC-06
LC-07,LC-07
LC-08,LC-08
LC-10,LC-10
LC-11,LC-11
LC-12,LC-12
LI-01,LI-01
LI-02,LI-02
LI-03,LI-03
LI-04,LI-04
LI-05,LI-05
LI-06,LI-06
LI-07,LI-07
LI-08,LI-08
LI-09,LI-09
LI-10,LI-10
LI-11,LI-11
LK-1,LK-1
LK-11,LK-1
LK-12,LK-1
LK-13,LK-1
LK-2,LK-2
LK-21,LK-2
LK-22,LK-2
LK-23,LK-2
LK-3,LK-3
LK-31,LK-3
LK-32,LK-3
LK-33,LK-3
LK-4,LK-4
LK-41,LK-4
LK-42,LK-4
LK-43,LK-4
LK-44,LK-4
LK-45,LK-4
LK-5,LK-5
LK-51,LK-5
LK-52,LK-5
LK-53,LK-5
LK-6,LK-6
LK-61,LK-6
LK-62,LK-6
LK-7,LK-7
LK-71,LK-7
LK-72,LK-7
LK-8,LK-8
LK-81,LK-8
LK-82,LK-8
LK-9,LK-9
LK-91,LK-9
LK-92,LK-9
LR-BG,LR-BG
LR-BM,LR-BM
LR-CM,LR-CM
LR-GB,LR-GB
LR-GG,LR-GG
LR-GK,LR-GK
LR-GP,LR-GP
LR-LO,LR-LO
LR-MG,LR-MG
LR-MO,LR-MO
LR-MY,LR-MY
LR-NI,LR-NI
LR-RG,LR-RG
LR-RI,LR-RI
LR-SI,LR-SI
LS-A,LS-A
LS-B,LS-B
LS-C,LS-C
LS-D,LS-D
LS-E,LS-E
LS-F,LS-F
LS-G,LS-G
LS-H,LS-H
LS-J,LS-J
LS-K,LS-K
LT-01,LT-SA
LT-02,LT-AL
LT-03,LT-AL
LT-04,LT-UT
LT-05,LT-KU
LT-06,LT-PN
LT-07,LT-AL
LT-08,LT-VL
LT-09,LT-UT
LT-10,LT-KU
LT-11,LT-SA
LT-12,LT-TA
LT-13,LT-KU
LT-14,LT-MR
LT-15,LT-KU
LT-16,LT-KU
LT-17,LT-MR
LT-18,LT-KU
LT-19,LT-SA
LT-20,LT-KL
LT-21,LT-KL
LT-22,LT-KL
LT-23,LT-PN
LT-24,LT-AL
LT-25,LT-MR
LT-26,LT-TE
LT-27,LT-UT
LT-28,LT-KL
LT-29,LT-TA
LT-30,LT-SA
LT-31,LT-KL
LT-32,LT-PN
LT-33,LT-PN
LT-34,LT-PN
LT-35,LT-TE
LT-36,LT-KU
LT-37,LT-SA
LT-38,LT-KU
LT-39,LT-TE
LT-40,LT-PN
LT-41,LT-MR
LT-42,LT-VL
LT-43,LT-SA
LT-44,LT-SA
LT-45,LT-TA
LT-46,LT-KL
LT-47,LT-VL
LT-48,LT-KL
LT-49,LT-VL
LT-50,LT-TA
LT-51,LT-TE
LT-52,LT-VL
LT-53,LT-VL
LT-54,LT-UT
LT-55,LT-AL
LT-56,LT-MR
LT-57,LT-VL
LT-58,LT-VL
LT-59,LT-UT
LT-60,LT-UT
LT-AL,LT-AL
LT-KL,LT-KL
LT-KU,LT-KU
LT-MR,LT-MR
LT-PN,LT-PN
LT-SA,LT-SA
LT-TA,LT-TA
LT-TE,LT-TE
LT-UT,LT-UT
LT-VL,LT-VL
LU-CA,LU-CA
LU-CL,LU-CL
LU-DI,LU-DI
LU-EC,LU-EC
LU-ES,LU-ES
LU-GR,LU-GR
LU-LU,LU-LU
LU-ME,LU-ME
LU-RD,LU-RD
LU-RM,LU-RM
LU-VD,LU-VD
LU-WI,LU-WI
LV-002,LV-002
LV-007,LV-007
LV-011,LV-011
LV-015,LV-015
LV-016,LV-016
LV-022,LV-022
LV-026,LV-026
LV-033,LV-033
LV-041,LV-041
LV-042,LV-042
LV-047,LV-047
LV-050,LV-050
LV-052,LV-052
LV-054,LV-054
LV-056,LV-056
LV-058,LV-058
LV-059,LV-059
LV-062,LV-062
LV-067,LV-067
LV-068,LV-068
LV-073,LV-073
LV-077,LV-077
LV-080,LV-080
LV-087,LV-087
LV-088,LV-088
LV-089,LV-089
LV-091,LV-091
LV-094,LV-094
LV-097,LV-097
LV-099,LV-099
LV-101,LV-101
LV-102,LV-102
LV-106,LV-106
LV-111,LV-111
LV-112,LV-112
LV-113,LV-113
LV-DGV,LV-DGV
LV-JEL,LV-JEL
LV-JUR,LV-JUR
LV-LPX,LV-LPX
LV-REZ,LV-REZ
LV-RIX,LV-RIX
LV-VEN,LV-VEN
LY-BA,LY-BA
LY-BU,LY-BU
LY-DR,LY-DR
LY-GT,LY-GT
LY-JA,LY-JA
LY-JG,LY-JG
LY-JI,LY-JI
LY-JU,LY-JU
LY-KF,LY-KF
LY-MB,LY-MB
LY-MI,LY-MI
LY-MJ,LY-MJ
LY-MQ,LY-MQ
LY-NL,LY-NL
LY-NQ,LY-NQ
LY-SB,LY-SB
LY-SR,LY-SR
LY-TB,LY-TB
LY-WA,LY-WA
LY-WD,LY-WD
LY-WS,LY-WS
LY-ZA,LY-ZA
MA-01,MA-01
MA-02,MA-02
MA-03,MA-03
MA-04,MA-04
MA-05,MA-05
MA-06,MA-06
MA-07,MA-07
MA-08,MA-08
MA-09,MA-09
MA-10,MA-10
MA-11,MA-11
MA-12,MA-12
MA-AGD,MA-09
MA-AOU,MA-12
MA-ASZ,MA-10
MA-AZI,MA-05
MA-BEM,MA-05
MA-BER,MA-02
MA-BES,MA-06
MA-BOD,MA-11
MA-BOM,MA-03
MA-BRR,MA-06
MA-CAS,MA-06
MA-CHE,MA-01
MA-CHI,MA-07
MA-CHT,MA-06
MA-DRI,MA-02
MA-ERR,MA-08
MA-ESI,MA-07
MA-ESM,MA-11
MA-FAH,MA-01
MA-FES,MA-03
MA-FIG,MA-02
MA-FQH,MA-05
MA-GUE,MA-10
MA-GUF,MA-02
MA-HAJ,MA-03
MA-HAO,MA-07
MA-HOC,MA-01
MA-IFR,MA-03
MA-INE,MA-09
MA-JDI,MA-06
MA-JRA,MA-02
MA-KEN,MA-04
MA-KES,MA-07
MA-KHE,MA-04
MA-KHN,MA-05
MA-KHO,MA-05
MA-LAA,MA-11
MA-LAR,MA-01
MA-MAR,MA-07
MA-MDF,MA-01
MA-MED,MA-06
MA-MEK,MA-03
MA-MID,MA-08
MA-MOH,MA-06
MA-MOU,MA-03
MA-NAD,MA-02
MA-NOU,MA-04
MA-OUA,MA-08
MA-OUD,MA-12
MA-OUJ,MA-02
MA-OUZ,MA-01
MA-RAB,MA-04
MA-REH,MA-07
MA-SAF,MA-07
MA-SAL,MA-04
MA-SEF,MA-03
MA-SET,MA-06
MA-SIB,MA-06
MA-SIF,MA-10
MA-SIK,MA-04
MA-SIL,MA-04
MA-SKH,MA-04
MA-TAF,MA-11
MA-TAI,MA-02
MA-TAO,MA-03
MA-TAR,MA-09
MA-TAT,MA-09
MA-TAZ,MA-03
MA-TET,MA-01
MA-TIN,MA-08
MA-TIZ,MA-09
MA-TNG,MA-01
MA-TNT,MA-10
MA-YUS,MA-07
MA-ZAG,MA-08
MC-CL,MC-CL
MC-CO,MC-CO
MC-FO,MC-FO
MC-GA,MC-GA
MC-JE,MC-JE
MC-LA,MC-LA
MC-MA,MC-MA
MC-MC,MC-MC
MC-MG,MC-MG
MC-MO,MC-MO
MC-MU,MC-MU
MC-PH,MC-PH
MC-SD,MC-SD
MC-SO,MC-SO
MC-SP,MC-SP
MC-SR,MC-SR
MC-VR,MC-VR
MD-AN,MD-AN
MD-BA,MD-BA
MD-BD,MD-BD
MD-BR,MD-BR
MD-BS,MD-BS
MD-CA,MD-CA
MD-CL,MD-CL
MD-CM,MD-CM
MD-CR,MD-CR
MD-CS,MD-CS
MD-CT,MD-CT
MD-CU,MD-CU
MD-DO,MD-DO
MD-DR,MD-DR
MD-DU,MD-DU
MD-ED,MD-ED
MD-FA,MD-FA
MD-FL,MD-FL
MD-GA,MD-GA
MD-GL,MD-GL
MD-HI,MD-HI
MD-IA,MD-IA
MD-LE,MD-LE
MD-NI,MD-NI
MD-OC,MD-OC
MD-OR,MD-OR
MD-RE,MD-RE
MD-RI,MD-RI
MD-SD,MD-SD
MD-SI,MD-SI
MD-SN,MD-SN
MD-SO,MD-SO
MD-ST,MD-ST
MD-SV,MD-SV
MD-TA,MD-TA
MD-TE,MD-TE
MD-UN,MD-UN
ME-01,ME-01
ME-02,ME-02
ME-03,ME-03
ME-04,ME-04
ME-05,ME-05
ME-06,ME-06
ME-07,ME-07
ME-08,ME-08
ME-09,ME-09
ME-10,ME-10
ME-11,ME-11
ME-12,ME-12
ME-13,ME-13
ME-14,ME-14
ME-15,ME-15
ME-16,ME-16
ME-17,ME-17
ME-18,ME-18
ME-19,ME-19
ME-20,ME-20
ME-21,ME-21
ME-22,ME-22
ME-23,ME-23
ME-24,ME-24
ME-25,ME-25
MG-A,MG-A
MG-D,MG-D
MG-F,MG-F
MG-M,MG-M
MG-T,MG-T
MG-U,MG-U
MH-ALK,MH-T
MH-ALL,MH-L
MH-ARN,MH-T
MH-AUR,MH-T
MH-EBO,MH-L
MH-ENI,MH-L
MH-JAB,MH-L
MH-JAL,MH-L
MH-KIL,MH-L
MH-KWA,MH-L
MH-L,MH-L
MH-LAE,MH-L
MH-LIB,MH-L
MH-LIK,MH-T
MH-MAJ,MH-T
MH-MAL,MH-T
MH-MEJ,MH-T
MH-MIL,MH-T
MH-NMK,MH-L
MH-NMU,MH-L
MH-RON,MH-L
MH-T,MH-T
MH-UJA,MH-L
MH-UTI,MH-T
MH-WTH,MH-L
MH-WTJ,MH-T
MK-101,MK-101
MK-102,MK-102
MK-103,MK-103
MK-104,MK-104
MK-105,MK-105
MK-106,MK-106
MK-107,MK-107
MK-108,MK-108
MK-109,MK-109
MK-201,MK-201
MK-202,MK-202
MK-203,MK-203
MK-204,MK-204
MK-205,MK-205
MK-206,MK-206
MK-207,MK-207
MK-208,MK-208
MK-209,MK-209
MK-210,MK-210
MK-211,MK-211
MK-301,MK-301
MK-303,MK-303
MK-304,MK-304
MK-307,MK-307
MK-308,MK-308
MK-310,MK-310
MK-311,MK-311
MK-312,MK-312
MK-313,MK-313
MK-401,MK-401
MK-402,MK-402
MK-403,MK-403
MK-404,MK-404
MK-405,MK-405
MK-406,MK-406
MK-407,MK-407
MK-408,MK-408
MK-409,MK-409
MK-410,MK-410
MK-501,MK-501
MK-502,MK-502
MK-503,MK-503
MK-504,MK-504
MK-505,MK-505
MK-506,MK-506
MK-507,MK-507
MK-508,MK-508
MK-509,MK-509
MK-601,MK-601
MK-602,MK-602
MK-603,MK-603
MK-604,MK-604
MK-605,MK-605
MK-606,MK-606
MK-607,MK-607
MK-608,MK-608
MK-609,MK-609
MK-701,MK-701
MK-702,MK-702
MK-703,MK-703
MK-704,MK-704
MK-705,MK-705
MK-706,MK-706
MK-801,MK-801
MK-802,MK-802
MK-803,MK-803
MK-804,MK-804
MK-805,MK-805
MK-806,MK-806
MK-807,MK-807
MK-808,MK-808
MK-809,MK-809
MK-810,MK-810
MK-811,MK-811
MK-812,MK-812
MK-813,MK-813
MK-814,MK-814
MK-815,MK-815
MK-816,MK-816
MK-817,MK-817
ML-1,ML-1
ML-10,ML-10
ML-2,ML-2
ML-3,ML-3
ML-4,ML-4
ML-5,ML-5
ML-6,ML-6
ML-7,ML-7
ML-8,ML-8
ML-9,ML-9
ML-BKO,ML-BKO
MM-01,MM-01
MM-02,MM-02
MM-03,MM-03
MM-04,MM-04
MM-05,MM-05
MM-06,MM-06
MM-07,MM-07
MM-11,MM-11
MM-12,MM-12
MM-13,MM-13
MM-14,MM-14
MM-15,MM-15
MM-16,MM-16
MM-17,MM-17
MM-18,MM-18
MN-035,MN-035
MN-037,MN-037
MN-039,MN-039
MN-041,MN-041
MN-043,MN-043
MN-046,MN-046
MN-047,MN-047
MN-049,MN-049
MN-051,MN-051
MN-053,MN-053
MN-055,MN-055
MN-057,MN-057
MN-059,MN-059
MN-061,MN-061
MN-063,MN-063
MN-064,MN-064
MN-065,MN-065
MN-067,MN-067
MN-069,MN-069
MN-071,MN-071
MN-073,MN-073
MN-1,MN-1
MR-01,MR-01
MR-02,MR-02
MR-03,MR-03
MR-04,MR-04
MR-05,MR-05
MR-06,MR-06
MR-07,MR-07
MR-08,MR-08
MR-09,MR-09
MR-10,MR-10
MR-11,MR-11
MR-12,MR-12
MR-13,MR-13
MR-14,MR-14
MR-15,MR-15
MT-01,MT-01
MT-02,MT-02
MT-03,MT-03
MT-04,MT-04
MT-05,MT-05
MT-06,MT-06
MT-07,MT-07
MT-08,MT-08
MT-09,MT-09
MT-10,MT-10
MT-11,MT-11
MT-12,MT-12
MT-13,MT-13
MT-14,MT-14
MT-15,MT-15
MT-16,MT-16
MT-17,MT-17
MT-18,MT-18
MT-19,MT-19
MT-20,MT-20
MT-21,MT-21
MT-22,MT-22
MT-23,MT-23
MT-24,MT-24
MT-25,MT-25
MT-26,MT-26
MT-27,MT-27
MT-28,MT-28
MT-29,MT-29
MT-30,MT-30
MT-31,MT-31
MT-32,MT-32
MT-33,MT-33
MT-34,MT-34
MT-35,MT-35
MT-36,MT-36
MT-37,MT-37
MT-38,MT-38
MT-39,MT-39
MT-40,MT-40
MT-41,MT-41
MT-42,MT-42
MT-43,MT-43
MT-44,MT-44
MT-45,MT-45
MT-46,MT-46
MT-47,MT-47
MT-48,MT-48
MT-49,MT-49
MT-50,MT-50
MT-51,MT-51
MT-52,MT-52
MT-53,MT-53
MT-54,MT-54
MT-55,MT-55
MT-56,MT-56
MT-57,MT-57
MT-58,MT-58
MT-59,MT-59
MT-60,MT-60
MT-61,MT-61
MT-62,MT-62
MT-63,MT-63
MT-64,MT-64
MT-65,MT-65
MT-66,MT-66
MT-67,MT-67
MT-68,MT-68
MU-AG,MU-AG
MU-BL,MU-BL
MU-CC,MU-CC
MU-FL,MU-FL
MU-GP,MU-GP
MU-MO,MU-MO
MU-PA,MU-PA
MU-PL,MU-PL
MU-PW,MU-PW
MU-RO,MU-RO
MU-RR,MU-RR
MU-SA,MU-SA
MV-00,MV-00
MV-01,MV-01
MV-02,MV-02
MV-03,MV-03
MV-04,MV-04
MV-05,MV-05
MV-07,MV-07
MV-08,MV-08
MV-12,MV-12
MV-13,MV-13
MV-14,MV-14
MV-17,MV-17
MV-20,MV-20
MV-23,MV-23
MV-24,MV-24
MV-25,MV-25
MV-26,MV-26
MV-27,MV-27
MV-28,MV-28
MV-29,MV-29
MV-MLE,MV-MLE
MW-BA,MW-S
MW-BL,MW-S
MW-C,MW-C
MW-CK,MW-S
MW-CR,MW-S
MW-CT,MW-N
MW-DE,MW-C
MW-DO,MW-C
MW-KR,MW-N
MW-KS,MW-C
MW-LI,MW-C
MW-LK,MW-N
MW-MC,MW-C
MW-MG,MW-S
MW-MH,MW-S
MW-MU,MW-S
MW-MW,MW-S
MW-MZ,MW-N
MW-N,MW-N
MW-NB,MW-N
MW-NE,MW-S
MW-NI,MW-C
MW-NK,MW-C
MW-NS,MW-S
MW-NU,MW-C
MW-PH,MW-S
MW-RU,MW-N
MW-S,MW-S
MW-SA,MW-C
MW-TH,MW-S
MW-ZO,MW-S
MX-AGU,MX-AGU
MX-BCN,MX-BCN
MX-BCS,MX-BCS
MX-CAM,MX-CAM
MX-CHH,MX-CHH
MX-CHP,MX-CHP
MX-CMX,MX-CMX
MX-COA,MX-COA
MX-COL,MX-COL
MX-DUR,MX-DUR
MX-GRO,MX-GRO
MX-GUA,MX-GUA
MX-HID,MX-HID
MX-JAL,MX-JAL
MX-MEX,MX-MEX
MX-MIC,MX-MIC
MX-MOR,MX-MOR
MX-NAY,MX-NAY
MX-NLE,MX-NLE
MX-OAX,MX-OAX
MX-PUE,MX-PUE
MX-QUE,MX-QUE
MX-ROO,MX-ROO
MX-SIN,MX-SIN
MX-SLP,MX-SLP
MX-SON,MX-SON
MX-TAB,MX-TAB
MX-TAM,MX-TAM
MX-TLA,MX-TLA
MX-VER,MX-VER
MX-YUC,MX-YUC
MX-ZAC,MX-ZAC
MY-01,MY-01
MY-02,MY-02
MY-03,MY-03
MY-04,MY-04
MY-05,MY-05
MY-06,MY-06
MY-07,MY-07
MY-08,MY-08
MY-09,MY-09
MY-10,MY-10
MY-11,MY-11
MY-12,MY-12
MY-13,MY-13
MY-14,MY-14
MY-15,MY-15
MY-16,MY-16
MZ-A,MZ-A
MZ-B,MZ-B
MZ-G,MZ-G
MZ-I,MZ-I
MZ-L,MZ-L
MZ-MPM,MZ-MPM
MZ-N,MZ-N
MZ-P,MZ-P
MZ-Q,MZ-Q
MZ-S,MZ-S
MZ-T,MZ-T
NA-CA,NA-CA
NA-ER,NA-ER
NA-HA,NA-HA
NA-KA,NA-KA
NA-KE,NA-KE
NA-KH,NA-KH
NA-KU,NA-KU
NA-KW,NA-KW
NA-OD,NA-OD
NA-OH,NA-OH
NA-ON,NA-ON
NA-OS,NA-OS
NA-OT,NA-OT
NA-OW,NA-OW
NE-1,NE-1
NE-2,NE-2
NE-3,NE-3
NE-4,NE-4
NE-5,NE-5
NE-6,NE-6
NE-7,NE-7
NE-8,NE-8
NG-AB,NG-AB
NG-AD,NG-AD
NG-AK,NG-AK
NG-AN,NG-AN
NG-BA,NG-BA
NG-BE,NG-BE
NG-BO,NG-BO
NG-BY,NG-BY
NG-CR,NG-CR
NG-DE,NG-DE
NG-EB,NG-EB
NG-ED,NG-ED
NG-EK,NG-EK
NG-EN,NG-EN
NG-FC,NG-FC
NG-GO,NG-GO
NG-IM,NG-IM
NG-JI,NG-JI
NG-KD,NG-KD
NG-KE,NG-KE
NG-KN,NG-KN
NG-KO,NG-KO
NG-KT,NG-KT
NG-KW,NG-KW
NG-LA,NG-LA
NG-NA,NG-NA
NG-NI,NG-NI
NG-OG,NG-OG
NG-ON,NG-ON
NG-OS,NG-OS
NG-OY,NG-OY
NG-PL,NG-PL
NG-RI,NG-RI
NG-SO,NG-SO
NG-TA,NG-TA
NG-YO,NG-YO
NG-ZA,NG-ZA
NI-AN,NI-AN
NI-AS,NI-AS
NI-BO,NI-BO
NI-CA,NI-CA
NI-CI,NI-CI
NI-CO,NI-CO
NI-ES,NI-ES
NI-GR,NI-GR
NI-JI,NI-JI
NI-LE,NI-LE
NI-MD,NI-MD
NI-MN,NI-MN
NI-MS,NI-MS
NI-MT,NI-MT
NI-NS,NI-NS
NI-RI,NI-RI
NI-SJ,NI-SJ
NL-AW,NL-AW
NL-BQ1,NL-BQ1
NL-BQ2,NL-BQ2
NL-BQ3,NL-BQ3
NL-CW,NL-CW
NL-DR,NL-DR
NL-FL,NL-FL
NL-FR,NL-FR
NL-GE,NL-GE
NL-GR,NL-GR
NL-LI,NL-LI
NL-NB,NL-NB
NL-NH,NL-NH
NL-OV,NL-OV
NL-SX,NL-SX
NL-UT,NL-UT
NL-ZE,NL-ZE
NL-ZH,NL-ZH
NO-03,NO-03
NO-11,NO-11
NO-15,NO-15
NO-18,NO-18
NO-21,NO-21
NO-22,NO-22
NO-30,NO-30
NO-34,NO-34
NO-38,NO-38
NO-42,NO-42
NO-46,NO-46
NO-50,NO-50
NO-54,NO-54
NP-P1,NP-P1
NP-P2,NP-P2
NP-P3,NP-P3
NP-P4,NP-P4
NP-P5,NP-P5
NP-P6,NP-P6
NP-P7,NP-P7
NR-01,NR-01
NR-02,NR-02
NR-03,NR-03
NR-04,NR-04
NR-05,NR-05
NR-06,NR-06
NR-07,NR-07
NR-08,NR-08
NR-09,NR-09
NR-10,NR-10
NR-11,NR-11
NR-12,NR-12
NR-13,NR-13
NR-14,NR-14
NZ-AUK,NZ-AUK
NZ-BOP,NZ-BOP
NZ-CAN,NZ-CAN
NZ-CIT,NZ-CIT
NZ-GIS,NZ-GIS
NZ-HKB,NZ-HKB
NZ-MBH,NZ-MBH
NZ-MWT,NZ-MWT
NZ-NSN,NZ-NSN
NZ-NTL,NZ-NTL
NZ-OTA,NZ-OTA
NZ-STL,NZ-STL
NZ-TAS,NZ-TAS
NZ-TKI,NZ-TKI
NZ-WGN,NZ-WGN
NZ-WKO,NZ-WKO
NZ-WTC,NZ-WTC
OM-BJ,OM-BJ
OM-BS,OM-BS
OM-BU,OM-BU
OM-DA,OM-DA
OM-MA,OM-MA
OM-MU,OM-MU
OM-SJ,OM-SJ
OM-SS,OM-SS
OM-WU,OM-WU
OM-ZA,OM-ZA
OM-ZU,OM-ZU
PA-1,PA-1
PA-10,PA-10
PA-2,PA-2
PA-3,PA-3
PA-4,PA-4
PA-5,PA-5
PA-6,PA-6
PA-7,PA-7
PA-8,PA-8
PA-9,PA-9
PA-EM,PA-EM
PA-KY,PA-KY
PA-NB,PA-NB
PA-NT,PA-NT
PE-AMA,PE-AMA
PE-ANC,PE-ANC
PE-APU,PE-APU
PE-ARE,PE-ARE
PE-AYA,PE-AYA
PE-CAJ,PE-CAJ
PE-CAL,PE-CAL
PE-CUS,PE-CUS
PE-HUC,PE-HUC
PE-HUV,PE-HUV
PE-ICA,PE-ICA
PE-JUN,PE-JUN
PE-LAL,PE-LAL
PE-LAM,PE-LAM
PE-LIM,PE-LIM
PE-LMA,PE-LMA
PE-LOR,PE-LOR
PE-MDD,PE-MDD
PE-MOQ,PE-MOQ
PE-PAS,PE-PAS
PE-PIU,PE-PIU
PE-PUN,PE-PUN
PE-SAM,PE-SAM
PE-TAC,PE-TAC
PE-TUM,PE-TUM
PE-UCA,PE-UCA
PG-CPK,PG-CPK
PG-CPM,PG-CPM
PG-EBR,PG-EBR
PG-EHG,PG-EHG
PG-EPW,PG-EPW
PG-ESW,PG-ESW
PG-GPK,PG-GPK
PG-HLA,PG-HLA
PG-JWK,PG-JWK
PG-MBA,PG-MBA
PG-MPL,PG-MPL
PG-MPM,PG-MPM
PG-MRL,PG-MRL
PG-NCD,PG-NCD
PG-NIK,PG-NIK
PG-NPP,PG-NPP
PG-NSB,PG-NSB
PG-SAN,PG-SAN
PG-SHM,PG-SHM
PG-WBK,PG-WBK
PG-WHM,PG-WHM
PG-WPD,PG-WPD
PH-00,PH-00
PH-01,PH-01
PH-02,PH-02
PH-03,PH-03
PH-05,PH-05
PH-06,PH-06
PH-07,PH-07
PH-08,PH-08
PH-09,PH-09
PH-10,PH-10
PH-11,PH-11
PH-12,PH-12
PH-13,PH-13
PH-14,PH-14
PH-15,PH-15
PH-40,PH-40
PH-41,PH-41
PH-ABR,PH-15
PH-AGN,PH-13
PH-AGS,PH-13
PH-AKL,PH-06
PH-ALB,PH-05
PH-ANT,PH-06
PH-APA,PH-15
PH-AUR,PH-03
PH-BAN,PH-03
PH-BAS,PH-09
PH-BEN,PH-15
PH-BIL,PH-08
PH-BOH,PH-07
PH-BTG,PH-40
PH-BTN,PH-02
PH-BUK,PH-10
PH-BUL,PH-03
PH-CAG,PH-02
PH-CAM,PH-10
PH-CAN,PH-05
PH-CAP,PH-06
PH-CAS,PH-05
PH-CAT,PH-05
PH-CAV,PH-40
PH-CEB,PH-07
PH-COM,PH-11
PH-DAO,PH-11
PH-DAS,PH-11
PH-DAV,PH-11
PH-DIN,PH-13
PH-DVO,PH-11
PH-EAS,PH-08
PH-GUI,PH-06
PH-IFU,PH-15
PH-ILI,PH-06
PH-ILN,PH-01
PH-ILS,PH-01
PH-ISA,PH-02
PH-KAL,PH-15
PH-LAG,PH-40
PH-LAN,PH-12
PH-LAS,PH-14
PH-LEY,PH-08
PH-LUN,PH-01
PH-MAD,PH-41
PH-MAS,PH-05
PH-MDC,PH-41
PH-MDR,PH-41
PH-MGN,PH-14
PH-MGS,PH-14
PH-MOU,PH-15
PH-MSC,PH-10
PH-MSR,PH-10
PH-NCO,PH-12
PH-NEC,PH-06
PH-NER,PH-07
PH-NSA,PH-08
PH-NUE,PH-03
PH-NUV,PH-02
PH-PAM,PH-03
PH-PAN,PH-01
PH-PLW,PH-41
PH-QUE,PH-40
PH-QUI,PH-02
PH-RIZ,PH-40
PH-ROM,PH-41
PH-SAR,PH-11
PH-SCO,PH-11
PH-SIG,PH-07
PH-SLE,PH-08
PH-SLU,PH-14
PH-SOR,PH-05
PH-SUK,PH-12
PH-SUN,PH-13
PH-SUR,PH-13
PH-TAR,PH-03
PH-TAW,PH-14
PH-WSA,PH-08
PH-ZAN,PH-09
PH-ZAS,PH-09
PH-ZMB,PH-03
PH-ZSI,PH-09
PK-BA,PK-BA
PK-GB,PK-GB
PK-IS,PK-IS
PK-JK,PK-JK
PK-KP,PK-KP
PK-PB,PK-PB
PK-SD,PK-SD
PL-02,PL-02
PL-04,PL-04
PL-06,PL-06
PL-08,PL-08
PL-10,PL-10
PL-12,PL-12
PL-14,PL-14
PL-16,PL-16
PL-18,PL-18
PL-20,PL-20
PL-22,PL-22
PL-24,PL-24
PL-26,PL-26
PL-28,PL-28
PL-30,PL-30
PL-32,PL-32
PS-BTH,PS-BTH
PS-DEB,PS-DEB
PS-GZA,PS-GZA
PS-HBN,PS-HBN
PS-JEM,PS-JEM
PS-JEN,PS-JEN
PS-JRH,PS-JRH
PS-KYS,PS-KYS
PS-NBS,PS-NBS
PS-NGZ,PS-NGZ
PS-QQA,PS-QQA
PS-RBH,PS-RBH
PS-RFH,PS-RFH
PS-SLT,PS-SLT
PS-TBS,PS-TBS
PS-TKM,PS-TKM
PT-01,PT-01
PT-02,PT-02
PT-03,PT-03
PT-04,PT-04
PT-05,PT-05
PT-06,PT-06
PT-07,PT-07
PT-08,PT-08
PT-09,PT-09
PT-10,PT-10
PT-11,PT-11
PT-12,PT-12
PT-13,PT-13
PT-14,PT-14
PT-15,PT-15
PT-16,PT-16
PT-17,PT-17
PT-18,PT-18
PT-20,PT-20
PT-30,PT-30
PW-002,PW-002
PW-004,PW-004
PW-010,PW-010
PW-050,PW-050
PW-100,PW-100
PW-150,PW-150
PW-212,PW-212
PW-214,PW-214
PW-218,PW-218
PW-222,PW-222
PW-224,PW-224
PW-226,PW-226
PW-227,PW-227
PW-228,PW-228
PW-350,PW-350
PW-370,PW-370
PY-1,PY-1
PY-10,PY-10
PY-11,PY-11
PY-12,PY-12
PY-13,PY-13
PY-14,PY-14
PY-15,PY-15
PY-16,PY-16
PY-19,PY-19
PY-2,PY-2
PY-3,PY-3
PY-4,PY-4
PY-5,PY-5
PY-6,PY-6
PY-7,PY-7
PY-8,PY-8
PY-9,PY-9
PY-ASU,PY-ASU
QA-DA,QA-DA
QA-KH,QA-KH
QA-MS,QA-MS
QA-RA,QA-RA
QA-SH,QA-SH
QA-US,QA-US
QA-WA,QA-WA
QA-ZA,QA-ZA
RO-AB,RO-AB
RO-AG,RO-AG
RO-AR,RO-AR
RO-B,RO-B
RO-BC,RO-BC
RO-BH,RO-BH
RO-BN,RO-BN
RO-BR,RO-BR
RO-BT,RO-BT
RO-BV,RO-BV
RO-BZ,RO-BZ
RO-CJ,RO-CJ
RO-CL,RO-CL
RO-CS,RO-CS
RO-CT,RO-CT
RO-CV,RO-CV
RO-DB,RO-DB
RO-DJ,RO-DJ
RO-GJ,RO-GJ
RO-GL,RO-GL
RO-GR,RO-GR
RO-HD,RO-HD
RO-HR,RO-HR
RO-IF,RO-IF
RO-IL,RO-IL
RO-IS,RO-IS
RO-MH,RO-MH
RO-MM,RO-MM
RO-MS,RO-MS
RO-NT,RO-NT
RO-OT,RO-OT
RO-PH,RO-PH
RO-SB,RO-SB
RO-SJ,RO-SJ
RO-SM,RO-SM
RO-SV,RO-SV
RO-TL,RO-TL
RO-TM,RO-TM
RO-TR,RO-TR
RO-VL,RO-VL
RO-VN,RO-VN
RO-VS,RO-VS
RS-00,RS-00
RS-01,RS-VO
RS-02,RS-VO
RS-03,RS-VO
RS-04,RS-VO
RS-05,RS-VO
RS-06,RS-VO
RS-07,RS-VO
RS-08,RS-08
RS-09,RS-09
RS-10,RS-10
RS-11,RS-11
RS-12,RS-12
RS-13,RS-13
RS-14,RS-14
RS-15,RS-15
RS-16,RS-16
RS-17,RS-17
RS-18,RS-18
RS-19,RS-19
RS-20,RS-20
RS-21,RS-21
RS-22,RS-22
RS-23,RS-23
RS-24,RS-24
RS-25,RS-KM
RS-26,RS-KM
RS-27,RS-KM
RS-28,RS-KM
RS-29,RS-KM
RS-KM,RS-KM
RS-VO,RS-VO
RU-AD,RU-AD
RU-AL,RU-AL
RU-ALT,RU-ALT
RU-AMU,RU-AMU
RU-ARK,RU-ARK
RU-AST,RU-AST
RU-BA,RU-BA
RU-BEL,RU-BEL
RU-BRY,RU-BRY
RU-BU,RU-BU
RU-CE,RU-CE
RU-CHE,RU-CHE
RU-CHU,RU-CHU
RU-CU,RU-CU
RU-DA,RU-DA
RU-IN,RU-IN
RU-IRK,RU-IRK
RU-IVA,RU-IVA
RU-KAM,RU-KAM
RU-KB,RU-KB
RU-KC,RU-KC
RU-KDA,RU-KDA
RU-KEM,RU-KEM
RU-KGD,RU-KGD
RU-KGN,RU-KGN
RU-KHA,RU-KHA
RU-KHM,RU-KHM
RU-KIR,RU-KIR
RU-KK,RU-KK
RU-KL,RU-KL
RU-KLU,RU-KLU
RU-KO,RU-KO
RU-KOS,RU-KOS
RU-KR,RU-KR
RU-KRS,RU-KRS
RU-KYA,RU-KYA
RU-LEN,RU-LEN
RU-LIP,RU-LIP
RU-MAG,RU-MAG
RU-ME,RU-ME
RU-MO,RU-MO
RU-MOS,RU-MOS
RU-MOW,RU-MOW
RU-MUR,RU-MUR
RU-NEN,RU-NEN
RU-NGR,RU-NGR
RU-NIZ,RU-NIZ
RU-NVS,RU-NVS
RU-OMS,RU-OMS
RU-ORE,RU-ORE
RU-ORL,RU-ORL
RU-PER,RU-PER
RU-PNZ,RU-PNZ
RU-PRI,RU-PRI
RU-PSK,RU-PSK
RU-ROS,RU-ROS
RU-RYA,RU-RYA
RU-SA,RU-SA
RU-SAK,RU-SAK
RU-SAM,RU-SAM
RU-SAR,RU-SAR
RU-SE,RU-SE
RU-SMO,RU-SMO
RU-SPE,RU-SPE
RU-STA,RU-STA
RU-SVE,RU-SVE
RU-TA,RU-TA
RU-TAM,RU-TAM
RU-TOM,RU-TOM
RU-TUL,RU-TUL
RU-TVE,RU-TVE
RU-TY,RU-TY
RU-TYU,RU-TYU
RU-UD,RU-UD
RU-ULY,RU-ULY
RU-VGG,RU-VGG
RU-VLA,RU-VLA
RU-VLG,RU-VLG
RU-VOR,RU-VOR
RU-YAN,RU-YAN
RU-YAR,RU-YAR
RU-YEV,RU-YEV
RU-ZAB,RU-ZAB
RW-01,RW-01
RW-02,RW-02
RW-03,RW-03
RW-04,RW-04
RW-05,RW-05
SA-01,SA-01
SA-02,SA-02
SA-03,SA-03
SA-04,SA-04
SA-05,SA-05
SA-06,SA-06
SA-07,SA-07
SA-08,SA-08
SA-09,SA-09
SA-10,SA-10
SA-11,SA-11
SA-12,SA-12
SA-14,SA-14
SB-CE,SB-CE
SB-CH,SB-CH
SB-CT,SB-CT
SB-GU,SB-GU
SB-IS,SB-IS
SB-MK,SB-MK
SB-ML,SB-ML
SB-RB,SB-RB
SB-TE,SB-TE
SB-WE,SB-WE
SC-01,SC-01
SC-02,SC-02
SC-03,SC-03
SC-04,SC-04
SC-05,SC-05
SC-06,SC-06
SC-07,SC-07
SC-08,SC-08
SC-09,SC-09
SC-10,SC-10
SC-11,SC-11
SC-12,SC-12
SC-13,SC-13
SC-14,SC-14
SC-15,SC-15
SC-16,SC-16
SC-17,SC-17
SC-18,SC-18
SC-19,SC-19
SC-20,SC-20
SC-21,SC-21
SC-22,SC-22
SC-23,SC-23
SC-24,SC-24
SC-25,SC-25
SC-26,SC-26
SC-27,SC-27
SD-DC,SD-DC
SD-DE,SD-DE
SD-DN,SD-DN
SD-DS,SD-DS
SD-DW,SD-DW
SD-GD,SD-GD
SD-GK,SD-GK
SD-GZ,SD-GZ
SD-KA,SD-KA
SD-KH,SD-KH
SD-KN,SD-KN
SD-KS,SD-KS
SD-NB,SD-NB
SD-NO,SD-NO
SD-NR,SD-NR
SD-NW,SD-NW
SD-RS,SD-RS
SD-SI,SD-SI
SE-AB,SE-AB
SE-AC,SE-AC
SE-BD,SE-BD
SE-C,SE-C
SE-D,SE-D
SE-E,SE-E
SE-F,SE-F
SE-G,SE-G
SE-H,SE-H
SE-I,SE-I
SE-K,SE-K
SE-M,SE-M
SE-N,SE-N
SE-O,SE-O
SE-S,SE-S
SE-T,SE-T
SE-U,SE-U
SE-W,SE-W
SE-X,SE-X
SE-Y,SE-Y
SE-Z,SE-Z
SG-01,SG-01
SG-02,SG-02
SG-03,SG-03
SG-04,SG-04
SG-05,SG-05
SH-AC,SH-AC
SH-HL,SH-HL
SH-TA,SH-TA
SI-001,SI-001
SI-002,SI-002
SI-003,SI-003
SI-004,SI-004
SI-005,SI-005
SI-006,SI-006
SI-007,SI-007
SI-008,SI-008
SI-009,SI-009
SI-010,SI-010
SI-011,SI-011
SI-012,SI-012
SI-013,SI-013
SI-014,SI-014
SI-015,SI-015
SI-016,SI-016
SI-017,SI-017
SI-018,SI-018
SI-019,SI-019
SI-020,SI-020
SI-021,SI-021
SI-022,SI-022
SI-023,SI-023
SI-024,SI-024
SI-025,SI-025
SI-026,SI-026
SI-027,SI-027
SI-028,SI-028
SI-029,SI-029
SI-030,SI-030
SI-031,SI-031
SI-032,SI-032
SI-033,SI-033
SI-034,SI-034
SI-035,SI-035
SI-036,SI-036
SI-037,SI-037
SI-038,SI-038
SI-039,SI-039
SI-040,SI-040
SI-041,SI-041
SI-042,SI-042
SI-043,SI-043
SI-044,SI-044
SI-045,SI-045
SI-046,SI-046
SI-047,SI-047
SI-048,SI-048
SI-049,SI-049
SI-050,SI-050
SI-051,SI-051
SI-052,SI-052
SI-053,SI-053
SI-054,SI-054
SI-055,SI-055
SI-056,SI-056
SI-057,SI-057
SI-058,SI-058
SI-059,SI-059
SI-060,SI-060
SI-061,SI-061
SI-062,SI-062
SI-063,SI-063
SI-064,SI-064
SI-065,SI-065
SI-066,SI-066
SI-067,SI-067
SI-068,SI-068
SI-069,SI-069
SI-070,SI-070
SI-071,SI-071
SI-072,SI-072
SI-073,SI-073
SI-074,SI-074
SI-075,SI-075
SI-076,SI-076
SI-077,SI-077
SI-078,SI-078
SI-079,SI-079
SI-080,SI-080
SI-081,SI-081
SI-082,SI-082
SI-083,SI-083
SI-084,SI-084
SI-085,SI-085
SI-086,SI-086
SI-087,SI-087
SI-088,SI-088
SI-089,SI-089
SI-090,SI-090
SI-091,SI-091
SI-092,SI-092
SI-093,SI-093
SI-094,SI-094
SI-095,SI-095
SI-096,SI-096
SI-097,SI-097
SI-098,SI-098
SI-099,SI-099
SI-100,SI-100
SI-101,SI-101
SI-102,SI-102
SI-103,SI-103
SI-104,SI-104
SI-105,SI-105
SI-106,SI-106
SI-107,SI-107
SI-108,SI-108
SI-109,SI-109
SI-110,SI-110
SI-111,SI-111
SI-112,SI-112
SI-113,SI-113
SI-114,SI-114
SI-115,SI-115
SI-116,SI-116
SI-117,SI-117
SI-118,SI-118
SI-119,SI-119
SI-120,SI-120
SI-121,SI-121
SI-122,SI-122
SI-123,SI-123
SI-124,SI-124
SI-125,SI-125
SI-126,SI-126
SI-127,SI-127
SI-128,SI-128
SI-129,SI-129
SI-130,SI-130
SI-131,SI-131
SI-132,SI-132
SI-133,SI-133
SI-134,SI-134
SI-135,SI-135
SI-136,SI-136
SI-137,SI-137
SI-138,SI-138
SI-139,SI-139
SI-140,SI-140
SI-141,SI-141
SI-142,SI-142
SI-143,SI-143
SI-144,SI-144
SI-146,SI-146
SI-147,SI-147
SI-148,SI-148
SI-149,SI-149
SI-150,SI-150
SI-151,SI-151
SI-152,SI-152
SI-153,SI-153
SI-154,SI-154
SI-155,SI-155
SI-156,SI-156
SI-157,SI-157
SI-158,SI-158
SI-159,SI-159
SI-160,SI-160
SI-161,SI-161
SI-162,SI-162
SI-163,SI-163
SI-164,SI-164
SI-165,SI-165
SI-166,SI-166
SI-167,SI-167
SI-168,SI-168
SI-169,SI-169
SI-170,SI-170
SI-171,SI-171
SI-172,SI-172
SI-173,SI-173
SI-174,SI-174
SI-175,SI-175
SI-176,SI-176
SI-177,SI-177
SI-178,SI-178
SI-179,SI-179
SI-180,SI-180
SI-181,SI-181
SI-182,SI-182
SI-183,SI-183
SI-184,SI-184
SI-185,SI-185
SI-186,SI-186
SI-187,SI-187
SI-188,SI-188
SI-189,SI-189
SI-190,SI-190
SI-191,SI-191
SI-192,SI-192
SI-193,SI-193
SI-194,SI-194
SI-195,SI-195
SI-196,SI-196
SI-197,SI-197
SI-198,SI-198
SI-199,SI-199
SI-200,SI-200
SI-201,SI-201
SI-202,SI-202
SI-203,SI-203
SI-204,SI-204
SI-205,SI-205
SI-206,SI-206
SI-207,SI-207
SI-208,SI-208
SI-209,SI-209
SI-210,SI-210
SI-211,SI-211
SI-212,SI-212
SI-213,SI-213
SK-BC,SK-BC
SK-BL,SK-BL
SK-KI,SK-KI
SK-NI,SK-NI
SK-PV,SK-PV
SK-TA,SK-TA
SK-TC,SK-TC
SK-ZI,SK-ZI
SL-E,SL-E
SL-N,SL-N
SL-NW,SL-NW
SL-S,SL-S
SL-W,SL-W
SM-01,SM-01
SM-02,SM-02
SM-03,SM-03
SM-04,SM-04
SM-05,SM-05
SM-06,SM-06
SM-07,SM-07
SM-08,SM-08
SM-09,SM-09
SN-DB,SN-DB
SN-DK,SN-DK
SN-FK,SN-FK
SN-KA,SN-KA
SN-KD,SN-KD
SN-KE,SN-KE
SN-KL,SN-KL
SN-LG,SN-LG
SN-MT,SN-MT
SN-SE,SN-SE
SN-SL,SN-SL
SN-TC,SN-TC
SN-TH,SN-TH
SN-ZG,SN-ZG
SO-AW,SO-AW
SO-BK,SO-BK
SO-BN,SO-BN
SO-BR,SO-BR
SO-BY,SO-BY
SO-GA,SO-GA
SO-GE,SO-GE
SO-HI,SO-HI
SO-JD,SO-JD
SO-JH,SO-JH
SO-MU,SO-MU
SO-NU,SO-NU
SO-SA,SO-SA
SO-SD,SO-SD
SO-SH,SO-SH
SO-SO,SO-SO
SO-TO,SO-TO
SO-WO,SO-WO
SR-BR,SR-BR
SR-CM,SR-CM
SR-CR,SR-CR
SR-MA,SR-MA
SR-NI,SR-NI
SR-PM,SR-PM
SR-PR,SR-PR
SR-SA,SR-SA
SR-SI,SR-SI
SR-WA,SR-WA
SS-BN,SS-BN
SS-BW,SS-BW
SS-EC,SS-EC
SS-EE,SS-EE
SS-EW,SS-EW
SS-JG,SS-JG
SS-LK,SS-LK
SS-NU,SS-NU
SS-UY,SS-UY
SS-WR,SS-WR
ST-01,ST-01
ST-02,ST-02
ST-03,ST-03
ST-04,ST-04
ST-05,ST-05
ST-06,ST-06
ST-P,ST-P
SV-AH,SV-AH
SV-CA,SV-CA
SV-CH,SV-CH
SV-CU,SV-CU
SV-LI,SV-LI
SV-MO,SV-MO
SV-PA,SV-PA
SV-SA,SV-SA
SV-SM,SV-SM
SV-SO,SV-SO
SV-SS,SV-SS
SV-SV,SV-SV
SV-UN,SV-UN
SV-US,SV-US
SY-DI,SY-DI
SY-DR,SY-DR
SY-DY,SY-DY
SY-HA,SY-HA
SY-HI,SY-HI
SY-HL,SY-HL
SY-HM,SY-HM
SY-ID,SY-ID
SY-LA,SY-LA
SY-QU,SY-QU
SY-RA,SY-RA
SY-RD,SY-RD
SY-SU,SY-SU
SY-TA,SY-TA
SZ-HH,SZ-HH
SZ-LU,SZ-LU
SZ-MA,SZ-MA
SZ-SH,SZ-SH
TD-BA,TD-BA
TD-BG,TD-BG
TD-BO,TD-BO
TD-CB,TD-CB
TD-EE,TD-EE
TD-EO,TD-EO
TD-GR,TD-GR
TD-HL,TD-HL
TD-KA,TD-KA
TD-LC,TD-LC
TD-LO,TD-LO
TD-LR,TD-LR
TD-MA,TD-MA
TD-MC,TD-MC
TD-ME,TD-ME
TD-MO,TD-MO
TD-ND,TD-ND
TD-OD,TD-OD
TD-SA,TD-SA
TD-SI,TD-SI
TD-TA,TD-TA
TD-TI,TD-TI
TD-WF,TD-WF
TG-C,TG-C
TG-K,TG-K
TG-M,TG-M
TG-P,TG-P
TG-S,TG-S
TH-10,TH-10
TH-11,TH-11
TH-12,TH-12
TH-13,TH-13
TH-14,TH-14
TH-15,TH-15
TH-16,TH-16
TH-17,TH-17
TH-18,TH-18
TH-19,TH-19
TH-20,TH-20
TH-21,TH-21
TH-22,TH-22
TH-23,TH-23
TH-24,TH-24
TH-25,TH-25
TH-26,TH-26
TH-27,TH-27
TH-30,TH-30
TH-31,TH-31
TH-32,TH-32
TH-33,TH-33
TH-34,TH-34
TH-35,TH-35
TH-36,TH-36
TH-37,TH-37
TH-38,TH-38
TH-39,TH-39
TH-40,TH-40
TH-41,TH-41
TH-42,TH-42
TH-43,TH-43
TH-44,TH-44
TH-45,TH-45
TH-46,TH-46
TH-47,TH-47
TH-48,TH-48
TH-49,TH-49
TH-50,TH-50
TH-51,TH-51
TH-52,TH-52
TH-53,TH-53
TH-54,TH-54
TH-55,TH-55
TH-56,TH-56
TH-57,TH-57
TH-58,TH-58
TH-60,TH-60
TH-61,TH-61
TH-62,TH-62
TH-63,TH-63
TH-64,TH-64
TH-65,TH-65
TH-66,TH-66
TH-67,TH-67
TH-70,TH-70
TH-71,TH-71
TH-72,TH-72
TH-73,TH-73
TH-74,TH-74
TH-75,TH-75
TH-76,TH-76
TH-77,TH-77
TH-80,TH-80
TH-81,TH-81
TH-82,TH-82
TH-83,TH-83
TH-84,TH-84
TH-85,TH-85
TH-86,TH-86
TH-90,TH-90
TH-91,TH-91
TH-92,TH-92
TH-93,TH-93
TH-94,TH-94
TH-95,TH-95
TH-96,TH-96
TH-S,TH-S
TJ-DU,TJ-DU
TJ-GB,TJ-GB
TJ-KT,TJ-KT
TJ-RA,TJ-RA
TJ-SU,TJ-SU
TL-AL,TL-AL
TL-AN,TL-AN
TL-BA,TL-BA
TL-BO,TL-BO
TL-CO,TL-CO
TL-DI,TL-DI
TL-ER,TL-ER
TL-LA,TL-LA
TL-LI,TL-LI
TL-MF,TL-MF
TL-MT,TL-MT
TL-OE,TL-OE
TL-VI,TL-VI
TM-A,TM-A
TM-B,TM-B
TM-D,TM-D
TM-L,TM-L
TM-M,TM-M
TM-S,TM-S
TN-11,TN-11
TN-12,TN-12
TN-13,TN-13
TN-14,TN-14
TN-21,TN-21
TN-22,TN-22
TN-23,TN-23
TN-31,TN-31
TN-32,TN-32
TN-33,TN-33
TN-34,TN-34
TN-41,TN-41
TN-42,TN-42
TN-43,TN-43
TN-51,TN-51
TN-52,TN-52
TN-53,TN-53
TN-61,TN-61
TN-71,TN-71
TN-72,TN-72
TN-73,TN-73
TN-81,TN-81
TN-82,TN-82
TN-83,TN-83
TO-01,TO-01
TO-02,TO-02
TO-03,TO-03
TO-04,TO-04
TO-05,TO-05
TR-01,TR-01
TR-02,TR-02
TR-03,TR-03
TR-04,TR-04
TR-05,TR-05
TR-06,TR-06
TR-07,TR-07
TR-08,TR-08
TR-09,TR-09
TR-10,TR-10
TR-11,TR-11
TR-12,TR-12
TR-13,TR-13
TR-14,TR-14
TR-15,TR-15
TR-16,TR-16
TR-17,TR-17
TR-18,TR-18
TR-19,TR-19
TR-20,TR-20
TR-21,TR-21
TR-22,TR-22
TR-23,TR-23
TR-24,TR-24
TR-25,TR-25
TR-26,TR-26
TR-27,TR-27
TR-28,TR-28
TR-29,TR-29
TR-30,TR-30
TR-31,TR-31
TR-32,TR-32
TR-33,TR-33
TR-34,TR-34
TR-35,TR-35
TR-36,TR-36
TR-37,TR-37
TR-38,TR-38
TR-39,TR-39
TR-40,TR-40
TR-41,TR-41
TR-42,TR-42
TR-43,TR-43
TR-44,TR-44
TR-45,TR-45
TR-46,TR-46
TR-47,TR-47
TR-48,TR-48
TR-49,TR-49
TR-50,TR-50
TR-51,TR-51
TR-52,TR-52
TR-53,TR-53
TR-54,TR-54
TR-55,TR-55
TR-56,TR-56
TR-57,TR-57
TR-58,TR-58
TR-59,TR-59
TR-60,TR-60
TR-61,TR-61
TR-62,TR-62
TR-63,TR-63
TR-64,TR-64
TR-65,TR-65
TR-66,TR-66
TR-67,TR-67
TR-68,TR-68
TR-69,TR-69
TR-70,TR-70
TR-71,TR-71
TR-72,TR-72
TR-73,TR-73
TR-74,TR-74
TR-75,TR-75
TR-76,TR-76
TR-77,TR-77
TR-78,TR-78
TR-79,TR-79
TR-80,TR-80
TR-81,TR-81
TT-ARI,TT-ARI
TT-CHA,TT-CHA
TT-CTT,TT-CTT
TT-DMN,TT-DMN
TT-MRC,TT-MRC
TT-PED,TT-PED
TT-POS,TT-POS
TT-PRT,TT-PRT
TT-PTF,TT-PTF
TT-SFO,TT-SFO
TT-SGE,TT-SGE
TT-SIP,TT-SIP
TT-SJL,TT-SJL
TT-TOB,TT-TOB
TT-TUP,TT-TUP
TV-FUN,TV-FUN
TV-NIT,TV-NIT
TV-NKF,TV-NKF
TV-NKL,TV-NKL
TV-NMA,TV-NMA
TV-NMG,TV-NMG
TV-NUI,TV-NUI
TV-VAI,TV-VAI
TW-CHA,TW-CHA
TW-CYI,TW-CYI
TW-CYQ,TW-CYQ
TW-HSQ,TW-HSQ
TW-HSZ,TW-HSZ
TW-HUA,TW-HUA
TW-ILA,TW-ILA
TW-KEE,TW-KEE
TW-KHH,TW-KHH
TW-KIN,TW-KIN
TW-LIE,TW-LIE
TW-MIA,TW-MIA
TW-NAN,TW-NAN
TW-NWT,TW-NWT
TW-PEN,TW-PEN
TW-PIF,TW-PIF
TW-TAO,TW-TAO
TW-TNN,TW-TNN
TW-TPE,TW-TPE
TW-TTT,TW-TTT
TW-TXG,TW-TXG
TW-YUN,TW-YUN
TZ-01,TZ-01
TZ-02,TZ-02
TZ-03,TZ-03
TZ-04,TZ-04
TZ-05,TZ-05
TZ-06,TZ-06
TZ-07,TZ-07
TZ-08,TZ-08
TZ-09,TZ-09
TZ-10,TZ-10
TZ-11,TZ-11
TZ-12,TZ-12
TZ-13,TZ-13
TZ-14,TZ-14
TZ-15,TZ-15
TZ-16,TZ-16
TZ-17,TZ-17
TZ-18,TZ-18
TZ-19,TZ-19
TZ-20,TZ-20
TZ-21,TZ-21
TZ-22,TZ-22
TZ-23,TZ-23
TZ-24,TZ-24
TZ-25,TZ-25
TZ-26,TZ-26
TZ-27,TZ-27
TZ-28,TZ-28
TZ-29,TZ-29
TZ-30,TZ-30
TZ-31,TZ-31
UA-05,UA-05
UA-07,UA-07
UA-09,UA-09
UA-12,UA-12
UA-14,UA-14
UA-18,UA-18
UA-21,UA-21
UA-23,UA-23
UA-26,UA-26
UA-30,UA-30
UA-32,UA-32
UA-35,UA-35
UA-40,UA-40
UA-43,UA-43
UA-46,UA-46
UA-48,UA-48
UA-51,UA-51
UA-53,UA-53
UA-56,UA-56
UA-59,UA-59
UA-61,UA-61
UA-63,UA-63
UA-65,UA-65
UA-68,UA-68
UA-71,UA-71
UA-74,UA-74
UA-77,UA-77
UG-101,UG-C
UG-102,UG-C
UG-103,UG-C
UG-104,UG-C
UG-105,UG-C
UG-106,UG-C
UG-107,UG-C
UG-108,UG-C
UG-109,UG-C
UG-110,UG-C
UG-111,UG-C
UG-112,UG-C
UG-113,UG-C
UG-114,UG-C
UG-115,UG-C
UG-116,UG-C
UG-117,UG-C
UG-118,UG-C
UG-119,UG-C
UG-120,UG-C
UG-121,UG-C
UG-122,UG-C
UG-123,UG-C
UG-124,UG-C
UG-125,UG-C
UG-126,UG-C
UG-201,UG-E
UG-202,UG-E
UG-203,UG-E
UG-204,UG-E
UG-205,UG-E
UG-206,UG-E
UG-207,UG-E
UG-208,UG-E
UG-209,UG-E
UG-210,UG-E
UG-211,UG-E
UG-212,UG-E
UG-213,UG-E
UG-214,UG-E
UG-215,UG-E
UG-216,UG-E
UG-217,UG-E
UG-218,UG-E
UG-219,UG-E
UG-220,UG-E
UG-221,UG-E
UG-222,UG-E
UG-223,UG-E
UG-224,UG-E
UG-225,UG-E
UG-226,UG-E
UG-227,UG-E
UG-228,UG-E
UG-229,UG-E
UG-230,UG-E
UG-231,UG-E
UG-232,UG-E
UG-233,UG-E
UG-234,UG-E
UG-235,UG-E
UG-236,UG-E
UG-237,UG-E
UG-301,UG-N
UG-302,UG-N
UG-303,UG-N
UG-304,UG-N
UG-305,UG-N
UG-306,UG-N
UG-307,UG-N
UG-308,UG-N
UG-309,UG-N
UG-310,UG-N
UG-311,UG-N
UG-312,UG-N
UG-313,UG-N
UG-314,UG-N
UG-315,UG-N
UG-316,UG-N
UG-317,UG-N
UG-318,UG-N
UG-319,UG-N
UG-320,UG-N
UG-321,UG-N
UG-322,UG-N
UG-323,UG-N
UG-324,UG-N
UG-325,UG-N
UG-326,UG-N
UG-327,UG-N
UG-328,UG-N
UG-329,UG-N
UG-330,UG-N
UG-331,UG-N
UG-332,UG-N
UG-333,UG-N
UG-334,UG-N
UG-335,UG-N
UG-336,UG-N
UG-337,UG-N
UG-401,UG-W
UG-402,UG-W
UG-403,UG-W
UG-404,UG-W
UG-405,UG-W
UG-406,UG-W
UG-407,UG-W
UG-408,UG-W
UG-409,UG-W
UG-410,UG-W
UG-411,UG-W
UG-412,UG-W
UG-413,UG-W
UG-414,UG-W
UG-415,UG-W
UG-416,UG-W
UG-417,UG-W
UG-418,UG-W
UG-419,UG-W
UG-420,UG-W
UG-421,UG-W
UG-422,UG-W
UG-423,UG-W
UG-424,UG-W
UG-425,UG-W
UG-426,UG-W
UG-427,UG-W
UG-428,UG-W
UG-429,UG-W
UG-430,UG-W
UG-431,UG-W
UG-432,UG-W
UG-433,UG-W
UG-434,UG-W
UG-435,UG-W
UG-C,UG-C
UG-E,UG-E
UG-N,UG-N
UG-W,UG-W
UM-67,UM-67
UM-71,UM-71
UM-76,UM-76
UM-79,UM-79
UM-81,UM-81
UM-84,UM-84
UM-86,UM-86
UM-89,UM-89
UM-95,UM-95
US-AK,US-AK
US-AL,US-AL
US-AR,US-AR
US-AS,US-AS
US-AZ,US-AZ
US-CA,US-CA
US-CO,US-CO
US-CT,US-CT
US-DC,US-DC
US-DE,US-DE
US-FL,US-FL
US-GA,US-GA
US-GU,US-GU
US-HI,US-HI
US-IA,US-IA
US-ID,US-ID
US-IL,US-IL
US-IN,US-IN
US-KS,US-KS
US-KY,US-KY
US-LA,US-LA
US-MA,US-MA
US-MD,US-MD
US-ME,US-ME
US-MI,US-MI
US-MN,US-MN
US-MO,US-MO
US-MP,US-MP
US-MS,US-MS
US-MT,US-MT
US-NC,US-NC
US-ND,US-ND
US-NE,US-NE
US-NH,US-NH
US-NJ,US-NJ
US-NM,US-NM
US-NV,US-NV
US-NY,US-NY
US-OH,US-OH
US-OK,US-OK
US-OR,US-OR
US-PA,US-PA
US-PR,US-PR
US-RI,US-RI
US-SC,US-SC
US-SD,US-SD
US-TN,US-TN
US-TX,US-TX
US-UM,US-UM
US-UT,US-UT
US-VA,US-VA
US-VI,US-VI
US-VT,US-VT
US-WA,US-WA
US-WI,US-WI
US-WV,US-WV
US-WY,US-WY
UY-AR,UY-AR
UY-CA,UY-CA
UY-CL,UY-CL
UY-CO,UY-CO
UY-DU,UY-DU
UY-FD,UY-FD
UY-FS,UY-FS
UY-LA,UY-LA
UY-MA,UY-MA
UY-MO,UY-MO
UY-PA,UY-PA
UY-RN,UY-RN
UY-RO,UY-RO
UY-RV,UY-RV
UY-SA,UY-SA
UY-SJ,UY-SJ
UY-SO,UY-SO
UY-TA,UY-TA
UY-TT,UY-TT
UZ-AN,UZ-AN
UZ-BU,UZ-BU
UZ-FA,UZ-FA
UZ-JI,UZ-JI
UZ-NG,UZ-NG
UZ-NW,UZ-NW
UZ-QA,UZ-QA
UZ-QR,UZ-QR
UZ-SA,UZ-SA
UZ-SI,UZ-SI
UZ-SU,UZ-SU
UZ-TK,UZ-TK
UZ-TO,UZ-TO
UZ-XO,UZ-XO
VC-01,VC-01
VC-02,VC-02
VC-03,VC-03
VC-04,VC-04
VC-05,VC-05
VC-06,VC-06
VE-A,VE-A
VE-B,VE-B
VE-C,VE-C
VE-D,VE-D
VE-E,VE-E
VE-F,VE-F
VE-G,VE-G
VE-H,VE-H
VE-I,VE-I
VE-J,VE-J
VE-K,VE-K
VE-L,VE-L
VE-M,VE-M
VE-N,VE-N
VE-O,VE-O
VE-P,VE-P
VE-R,VE-R
VE-S,VE-S
VE-T,VE-T
VE-U,VE-U
VE-V,VE-V
VE-W,VE-W
VE-X,VE-X
VE-Y,VE-Y
VE-Z,VE-Z
VN-01,VN-01
VN-02,VN-02
VN-03,VN-03
VN-04,VN-04
VN-05,VN-05
VN-06,VN-06
VN-07,VN-07
VN-09,VN-09
VN-13,VN-13
VN-14,VN-14
VN-18,VN-18
VN-20,VN-20
VN-21,VN-21
VN-22,VN-22
VN-23,VN-23
VN-24,VN-24
VN-25,VN-25
VN-26,VN-26
VN-27,VN-27
VN-28,VN-28
VN-29,VN-29
VN-30,VN-30
VN-31,VN-31
VN-32,VN-32
VN-33,VN-33
VN-34,VN-34
VN-35,VN-35
VN-36,VN-36
VN-37,VN-37
VN-39,VN-39
VN-40,VN-40
VN-41,VN-41
VN-43,VN-43
VN-44,VN-44
VN-45,VN-45
VN-46,VN-46
VN-47,VN-47
VN-49,VN-49
VN-50,VN-50
VN-51,VN-51
VN-52,VN-52
VN-53,VN-53
VN-54,VN-54
VN-55,VN-55
VN-56,VN-56
VN-57,VN-57
VN-58,VN-58
VN-59,VN-59
VN-61,VN-61
VN-63,VN-63
VN-66,VN-66
VN-67,VN-67
VN-68,VN-68
VN-69,VN-69
VN-70,VN-70
VN-71,VN-71
VN-72,VN-72
VN-73,VN-73
VN-CT,VN-CT
VN-DN,VN-DN
VN-HN,VN-HN
VN-HP,VN-HP
VN-SG,VN-SG
VU-MAP,VU-MAP
VU-PAM,VU-PAM
VU-SAM,VU-SAM
VU-SEE,VU-SEE
VU-TAE,VU-TAE
VU-TOB,VU-TOB
WF-AL,WF-AL
WF-SG,WF-SG
WF-UV,WF-UV
WS-AA,WS-AA
WS-AL,WS-AL
WS-AT,WS-AT
WS-FA,WS-FA
WS-GE,WS-GE
WS-GI,WS-GI
WS-PA,WS-PA
WS-SA,WS-SA
WS-TU,WS-TU
WS-VF,WS-VF
WS-VS,WS-VS
YE-AB,YE-AB
YE-AD,YE-AD
YE-AM,YE-AM
YE-BA,YE-BA
YE-DA,YE-DA
YE-DH,YE-DH
YE-HD,YE-HD
YE-HJ,YE-HJ
YE-HU,YE-HU
YE-IB,YE-IB
YE-JA,YE-JA
YE-LA,YE-LA
YE-MA,YE-MA
YE-MR,YE-MR
YE-MW,YE-MW
YE-RA,YE-RA
YE-SA,YE-SA
YE-SD,YE-SD
YE-SH,YE-SH
YE-SN,YE-SN
YE-SU,YE-SU
YE-TA,YE-TA
ZA-EC,ZA-EC
ZA-FS,ZA-FS
ZA-GP,ZA-GP
ZA-KZN,ZA-KZN
ZA-LP,ZA-LP
ZA-MP,ZA-MP
ZA-NC,ZA-NC
ZA-NW,ZA-NW
ZA-WC,ZA-WC
ZM-01,ZM-01
ZM-02,ZM-02
ZM-03,ZM-03
ZM-04,ZM-04
ZM-05,ZM-05
ZM-06,ZM-06
ZM-07,ZM-07
ZM-08,ZM-08
ZM-09,ZM-09
ZM-10,ZM-10
ZW-BU,ZW-BU
ZW-HA,ZW-HA
ZW-MA,ZW-MA
ZW-MC,ZW-MC
ZW-ME,ZW-ME
ZW-MI,ZW-MI
ZW-MN,ZW-MN
ZW-MS,ZW-MS
ZW-MV,ZW-MV
ZW-MW,ZW-MW
CZ-PR,CZ-10
CZ-ST,CZ-20
CZ-JC,CZ-31
CZ-PL,CZ-32
CZ-KA,CZ-41
CZ-US,CZ-42
CZ-LI,CZ-51
CZ-KR,CZ-52
CZ-PA,CZ-53
CZ-VY,CZ-63
CZ-JM,CZ-64
CZ-OL,CZ-71
CZ-ZL,CZ-72
CZ-MO,CZ-80
