iso_3166_2,name_en
AR-E,Entre Ríos
UY-PA,Paysandú
ID-KI,East Kalimantan
MY-12,Sabah
CL-AP,Arica y Parinacota
BO-L,La Paz
BO-O,Oruro
CL-TA,Tarapacá
BO-P,Potosí
CL-AN,Antofagasta
PE-TAC,Tacna
AR-A,Salta
AR-Y,Jujuy
CY-03,Larnaca
IN-LA,Ladakh
CN-XJ,Xinjiang
CN-XZ,Tibet
IL-D,Southern
PS-GZZ,Gaza
IL-Z,Northern
PS-WBK,West Bank
IL-HA,Haifa
IL-M,Central
LB-NA,Nabatieh
LB-JA,South
ET-SN,Southern Nations
SS-EE,Eastern Equatoria
ET-SO,Somali
SO-NU,Nugal
SO-MU,Mudug
SO-GA,Galguduud
SO-HI,Hiran
SO-BK,Bakool
SO-GE,Gedo
KE-700,Rift Valley
MW-CT,Chitipa
TZ-14,Mbeya
TZ-29,Njombe
TZ-21,Ruvuma
MW-RU,Rumphi
MW-NB,Nkhata Bay
IN-AR,Arunachal Pradesh
SO-BR,Bari
FR-GF,French Guiana
SR-SI,Sipaliwini
GY-MA,Mahaica-Berbice
KR-42,Gangwon
KP-07,Kangwon
KR-41,Gyeonggi
KP-06,North Hwanghae
MA-14,Guelmim-Es Semara
MA-15,Laâyoune-Boujdour-Sakia El Hamra
MA-16,Oued Ed-Dahab
CR-A,Alajuela
NI-SJ,Río San Juan
CG-7,Likouala
CD-EQ,Équateur
CG-8,Cuvette
CG-14,Plateaux
CD-BN,Bandundu
CG-12,Pool
CG-BZV,Brazzaville
CD-KN,Kinshasa
CD-BC,Kongo Central
CG-11,Bouenza
CG-9,Niari
BT-TY,Trashiyangtse
BT-44,Lhuntse
BT-33,Bumthang
UA-74,Chernihiv
BY-HO,Gomel
UA-07,Volyn
BY-BR,Brest
UA-56,Rivne
UA-18,Zhytomyr
UA-32,Kyiv
NA-KA,Karas
ZA-NC,Northern Cape
LB-BI,Beqaa
LB-AS,North
SY-HI,Homs
SY-TA,Tartus
SY-RD,Rif Dimashq
NL-SX,Sint Maarten
AE-FU,Emirate of Fujairah
OM-MU,Musandam
AE-SH,Emirate of Sharjah
AE-RK,Emirate of Ras Al Khaimah
MW-LK,Likoma
UZ-FA,Fergana
KZ-VOS,East Kazakhstan
KZ-ALA,Almaty
TJ-SU,Khujand
BY-VI,Vitebsk
LT-UT,Utena
LT-VL,Vilnius
BY-HR,Grodno
LT-AL,Alytus
BR-RS,Rio Grande do Sul
UY-AR,Artigas
MN-061,Dornod
CN-NM,Inner Mongolia
MN-071,Bayan-Ölgii
MN-043,Khovd
MN-051,Sükhbaatar
MN-063,Dornogovi
MN-065,Govi-Altai
CN-GS,Gansu
MN-069,Bayankhongor
MN-053,Ömnögovi
RU-AL,Altai Republic
CZ-US,Ústí nad Labem
DE-SN,Saxony
CZ-LI,Liberec
CZ-KA,Karlovy Vary
DE-BY,Bavaria
CZ-PL,Plzeň-
CZ-JC,South Bohemian
EE-84,Viljandi
LV-084,Valmiera
LV-060,Valmiera
EE-67,Pärnu
LV-005,Aloja
EE-82,Valga
LV-064,Valmiera
LV-085,Salacgrīva
EE-86,Võru
LV-009,Valmiera
LV-101,Valka
LV-007,Alūksne
RU-PSK,Pskov
LV-108,Viļaka
LV-014,Baltinava
LV-044,Kārsava
LV-023,Cibla
LV-058,Ludza
LV-110,Zilupe
LT-PN,Panevėžys
LV-065,Nereta
LV-107,Viesīte
LV-105,Vecumnieki
LT-TE,Telšiai
LV-088,Saldus
LT-KL,Klaipėda
LV-081,Rucava
LV-074,Priekule
LV-100,Vaiņode
LT-SA,Šiauliai
LV-010,Auce
LV-016,Bauska
LV-098,Tērvete
LV-JEL,Jelgava
LV-083,Rundāle
LV-004,Aknīste
LV-036,Ilūkste
LV-DGV,Daugavpils
NO-19,Troms
SE-BD,Norrbotten
NO-18,Nordland
SE-AC,Västerbotten
SE-Z,Jämtland
NO-17,Nord-Trøndelag
NO-16,Sør-Trøndelag
NO-04,Hedmark
SE-W,Dalarna
SE-S,Värmland
NO-02,Akershus
NO-01,Østfold
SE-O,Västra Götaland
FI-10,Lapland
NO-20,Finnmark
VN-28,Kon Tum
KH-16,Ratanakiri
VN-72,Đắk Nông
KH-11,Mondulkiri
VN-33,Đắk Lắk
VN-30,Gia Lai
VN-58,Bình Phước
KH-10,Kratié
VN-37,Tây Ninh
KH-3,Kampong Cham
KH-20,Svay Rieng
KH-14,Prey Veng
VN-41,Long An
VN-45,Đồng Tháp
VN-44,An Giang
KH-8,Kandal
KH-21,Takéo
VN-47,Kiên Giang
KH-7,Kampot
DE-RP,Rhineland-Palatinate
LU-D,Diekirch
LU-G,Grevenmacher
DE-SL,Saarland
FR-59,Nord
BE-VWV,West Flanders
BE-WHT,Hainaut
FR-08,Ardennes
BE-WNA,Namur
FR-02,Aisne
BE-WLX,Luxembourg
FR-55,Meuse
FR-54,Meurthe-et-Moselle
BE-WLG,Liège
LU-L,Luxembourg
RU-KDA,Krasnodar Krai
GE-AB,Abkhazia
RU-KC,Karachay-Cherkess Republic
RU-KB,Kabardino-Balkaria
GE-SZ,Samegrelo-Zemo Svaneti
RU-SE,Republic of North Ossetia-Alania
GE-SK,Shida Kartli
GE-RL,Racha-Lechkhumi and Kvemo Svaneti
RU-IN,Republic of Ingushetia
GE-MM,Mtskheta-Mtianeti
RU-CE,Chechen Republic
GE-KA,Kakheti
RU-DA,Republic of Dagestan
MK-72,Struga
AL-09,Dibër
MK-78,Centar Župa
MK-21,Debar
MK-50,Mavrovo and Rostuša
MK-19,Gostivar
AL-07,Kukës
AL-06,Korçë
AL-03,Elbasan
MK-12,Vevčani
MK-58,Ohrid
MK-22,Debarca
MK-66,Resen
AZ-QAZ,Qazax
TR-75,Ardahan
GE-SJ,Samtskhe–Javakheti
TR-08,Artvin
GE-AJ,Adjara
FR-57,Moselle
ES-CE,Ceuta
MA-01,Tangier-Tetouan
LA-PH,Phongsaly
CN-YN,Yunnan
LA-OU,Oudomxay
LA-LM,Luang Namtha
KG-Y,Issyk-Kul
KG-N,Naryn
KG-O,Osh
AM-TV,Tavush
GE-KK,Kvemo Kartli
AM-LO,Lori
AM-SH,Shirak
KZ-ZHA,Jambyl
KG-C,Chuy
KG-T,Talas
KZ-YUZ,Turkistan
GY-PM,Pomeroon-Supenaam
BR-RR,Roraima
GY-PT,Potaro-Siparuni
GY-UD,Upper Demerara-Berbice
BR-PA,Pará
DE-SH,Schleswig-Holstein
DK-83,Southern Denmark
PE-MDD,Madre de Dios
BR-AC,Acre
LY-GD,Ghadames
TN-83,Tataouine
TN-82,Medenine
LY-NQ,Nuqat al Khams
AZ-AGA,Agstafa
AZ-TOV,Tovuz
AZ-GAD,Gadabay
AM-GR,Gegharkunik
AZ-DAS,Dashkasan
AZ-KAL,Kalbajar
AM-VD,Vayots Dzor
AM-SU,Syunik
AZ-LAN,Lankaran
AZ-QBI,Qubadli
AZ-ZAN,Zangilan
AZ-SAR,Sharur
AM-AR,Ararat
AZ-SAD,Sadarak
AZ-KAN,Kangarli
AZ-BAB,Babek
AZ-SAH,Shahbuz
AZ-CUL,Julfa
AZ-ORD,Ordubad
RO-SM,Satu Mare
HU-SZ,Szabolcs-Szatmár-Bereg
RO-AR,Arad
HU-BE,Békés
RO-BH,Bihor
HU-HB,Hajdú-Bihar
HU-CS,Csongrád-Csanád
RO-TM,Timiș
KG-J,Jalal-Abad
UZ-TO,Tashkent
UZ-NG,Namangan
UZ-AN,Andijan
KG-B,Batken
SK-ZI,Žilina
PL-SL,Silesian Voivodeship
PL-MA,Lesser Poland Voivodeship
SK-PV,Prešov
PL-PK,Podkarpackie Voivodeship
IE-DL,Donegal
GB-DRY,Derry
GB-STB,Strabane
GB-FER,Fermanagh
IE-LM,Leitrim
IE-CN,Cavan
IE-MN,Monaghan
GB-DGN,Dungannon and South Tyrone
GB-ARM,Armagh
GB-NYM,Newry and Mourne
IE-LH,Louth
PL-DS,Lower Silesian Voivodeship
CZ-KR,Hradec Králové
PL-OP,Opole Voivodeship
CZ-OL,Olomouc
CZ-PA,Pardubice
CZ-MO,Moravian-Silesian
TJ-GB,Gorno-Badakhshan
GR-C,West Macedonia
GR-D,Epirus
AL-05,Gjirokastër
AL-12,Vlorë
MW-CT,Chitipa
ZM-10,Muchinga
MW-MZ,Mzimba
ZM-03,Eastern
MW-KS,Kasungu
MW-MC,Mchinji
UA-21,Zakarpattia
SK-KI,Košice
SL-N,Northern
GN-FA,Faranah
GN-KD,Kindia
GN-MM,Mamou Prefecture
GN-DB,Dabola Prefecture
GN-FO,Forécariah Prefecture
GN-GU,Guéckédou Prefecture
SL-E,Eastern
LR-CM,Grand Cape Mount
SL-S,Southern
LR-LO,Lofa
CF-VK,Vakaga Prefecture
SD-DE,Central Darfur
SD-DS,South Darfur
CF-HK,Haute-Kotto Prefecture
SS-BW,Western Bahr el Ghazal
CF-HM,Haut-Mbomou Prefecture
SS-EW,Western Equatoria
CD-OR,Orientale
SS-EC,Central Equatoria
DJ-AS,Ali Sabieh
DJ-AR,Arta
DJ-DI,Dikhil
ET-AF,Afar
DJ-TA,Tadjourah
CD-SK,South Kivu
TZ-08,Kigoma
CD-KA,Katanga
TZ-28,Katavi
TZ-20,Rukwa
DJ-OB,Obock
ER-DK,Southern Red Sea
AT-3,Lower Austria
CZ-JM,South Moravian
AT-4,Upper Austria
IQ-DA,Duhok
TR-73,Şırnak
TR-30,Hakkâri
IQ-AR,Erbil
HU-GS,Győr-Moson-Sopron
AT-1,Burgenland
HU-SN,Sopron
HU-VA,Vas
IT-AO,Aosta
CH-VS,Valais
IT-VB,Verbano-Cusio-Ossola
CH-TI,Ticino
IT-VA,Varese
IT-CO,Como
CH-GR,Grisons
IT-SO,Sondrio
IT-BZ,Trentino-South Tyrol
AT-8,Vorarlberg
AT-7,Tyrol
IR-02,West Azerbaijan
TR-76,Iğdır
TR-04,Ağrı
TR-65,Van
LT-MR,Marijampolė
PL-PD,Podlaskie Voivodeship
PL-WN,Warmian-Masurian Voivodeship
ZM-05,Northern
NL-GR,Groningen
DE-NI,Lower Saxony
NL-DR,Drenthe
NL-OV,Overijssel
DE-NW,North Rhine-Westphalia
NL-GE,Gelderland
NL-LI,Limburg
LI-09,Triesen
LI-07,Schaan
LI-10,Triesenberg
LI-01,Balzers
LI-05,Planken
LI-02,Eschen
LI-04,Mauren
LI-08,Schellenberg
LI-06,Ruggell
CI-10,Denguélé
GN-K,Kankan
GN-MD,Mandiana Prefecture
GN-BE,Beyla Prefecture
CI-17,Bafing
CI-06,Dix-Huit Montagnes
GN-LO,Lola Prefecture
IT-IM,Imperia
FR-06,Alpes-Maritimes
IT-CN,Cuneo
FR-04,Alpes-de-Haute-Provence
FR-05,Hautes-Alpes
IT-TO,Turin
FR-73,Savoie
FR-74,Haute-Savoie
RU-MUR,Murmansk
RU-KR,Karelia
FI-14,Northern Ostrobothnia
FI-05,Kainuu
FI-13,North Karelia
FI-02,South Karelia
RU-LEN,Leningrad
FI-09,Kymenlaakso
OM-BA,Al Batinah North
AE-DU,Emirate of Dubai
OM-BU,Al Buraimi
AE-AZ,Emirate of Abu Dhabi
OM-ZA,Ad Dhahirah
AZ-BAL,Balakan
AZ-ZAQ,Zaqatala
AZ-XAC,Khachmaz
AZ-QUS,Qusar
AZ-OGU,Oghuz
AZ-SA,Sheki
AZ-QAX,Qakh
AZ-QAB,Qabala
BR-AP,Amapá
AZ-SMX,Samukh
RS-01,North Bačka
HU-BK,Bács-Kiskun
RS-05,West Bačka
RS-03,North Banat
HU-SD,Szeged
ML-1,Kayes
SN-KE,Kédougou
SN-TC,Tambacounda
GN-KN,Koundara Prefecture
SN-KD,Kolda
GN-ML,Mali Prefecture
NG-KE,Kebbi State
BJ-AL,Alibori
NG-NI,Niger State
BJ-BO,Borgou
NG-KW,Kwara State
NG-OG,Ogun State
BJ-PL,Plateau
BJ-CO,Collines
NG-OY,Oyo State
NG-LA,Lagos
BJ-OU,Ouémé
AO-CAB,Cabinda
CG-5,Kouilou
HU-ZA,Zala
HR-20,Međimurje
HU-SO,Somogy
HR-10,Virovitica-Podravina
HR-06,Koprivnica-Križevci
HU-BA,Baranya
HR-14,Osijek-Baranja
SI-090,Piran
HR-18,Istria
SI-078,Moravske Toplice
SI-033,Šalovci
SI-161,Hodoš
SI-031,Gornji Petrovci
SI-056,Kuzma
SI-059,Lendava
SI-156,Dobrovnik
SI-047,Kobilje
QA-RA,Al Rayyan
SA-04,Eastern
BW-NW,North-West
ZW-MN,Matabeleland North
BW-CE,Central
ZW-MS,Matabeleland South
BW-NE,North-East
PK-GB,Gilgit-Baltistan
BG-02,Burgas
TR-39,Kırklareli
BG-28,Yambol
TR-22,Edirne
BG-26,Haskovo
KH-22,Oddar Meanchey
TH-32,Surin
KH-13,Preah Vihear
TH-33,Si Sa Ket
TH-34,Ubon Ratchathani
KH-17,Siem Reap
KH-1,Banteay Meanchey
TH-27,Sa Kaeo
TH-31,Buri Ram
KH-9,Koh Kong
TH-23,Trat
KH-15,Pursat
KH-2,Battambang
KH-24,Pailin
TH-22,Chanthaburi
ES-ML,Melilla
MA-04,Oriental
IN-SK,Sikkim
BT-13,Haa
BT-14,Samtse
IN-WB,West Bengal
BT-12,Chukha
BT-31,Geylegphug
IN-AS,Assam
BT-34,Zhemgang
BT-45,Samdrup Jongkhar
BT-41,Trashigang
MY-09,Perlis
TH-91,Satun
TH-90,Songkhla
MY-02,Kedah
TH-95,Yala
MY-03,Kelantan
TH-96,Narathiwat
MY-08,Perak
SM-09,Serravalle
IT-RN,Rimini
SM-03,Domagnano
SM-04,Faetano
IT-PU,Pesaro and Urbino
SM-08,Montegiardino
SM-05,Fiorentino
SM-02,Chiesanuova
SM-07,San Marino
SM-01,Acquaviva
SM-06,Borgo Maggiore
HT-NE,Nord-Est
DO-15,Monte Cristi
DO-05,Dajabón
HT-CE,Centre
DO-07,La Estrelleta
DO-10,Independencia
HT-OU,Ouest
HT-SE,Sud-Est
DO-16,Pedernales
TD-LC,Lac
NG-BO,Borno State
KW-JA,Al Jahra
IQ-BA,Basra
IQ-MU,Al Muthanna
SV-AH,Ahuachapán
GT-JU,Jutiapa
SV-SA,Santa Ana
GT-CQ,Chiquimula
ID-NT,East Nusa Tenggara
TL-OE,Oe-Cusse Ambeno
TL-BO,Bobonaro
TL-CO,Cova Lima
MY-13,Sarawak
BN-TE,Temburong
ID-KB,West Kalimantan
AT-5,Salzburg
IT-BL,Belluno
AT-2,Carinthia
IT-UD,Udine
ML-6,Tombouctou
DZ-01,Adrar
SI-053,Kranjska Gora
SI-006,Bovec
SI-046,Kobarid
SI-128,Tolmin
SI-044,Kanal ob Soči
SI-007,Brda
IT-GO,Gorizia
SI-084,Nova Gorica
SI-183,Šempeter–Vrtojba
SI-075,Miren–Kostanjevica
SI-049,Komen
IT-TS,Trieste
SI-111,Sežana
SI-035,Hrpelje-Kozina
SI-050,Koper
MZ-L,Maputo
SZ-LU,Lubombo
BI-MY,Muyinga
RW-02,Eastern
BI-KI,Kirundo
RW-05,Southern
BI-NG,Ngozi
BI-CI,Cibitoke
RW-04,Western
BI-KY,Kayanza
MM-16,Rakhine State
BD-B,Chattogram
MM-14,Chin State
FR-64,Pyrenees-Atlantics
ES-NA,Navarre
ES-SS,Gipuzkoa
ES-HU,Huesca
FR-31,Haute-Garonne
ES-L,Lleida
FR-65,Hautes-Pyrénées
FR-09,Ariège
AD-05,Ordino
AD-02,Canillo
FR-66,Pyrénées-Orientales
AD-03,Encamp
AD-04,La Massana
ES-GI,Girona
AD-06,Sant Julià de Lòria
AD-08,Escaldes-Engordany
AF-BDS,Badakhshan
GR-B,Centre Macedonia
MK-56,Novo Selo
MK-26,Dojran
MK-10,Valandovo
MK-73,Strumica
MK-05,Bogdanci
MK-18,Gevgelija
MK-36,Kavadarci
MK-55,Novaci
MK-62,Prilep
MK-04,Bitola
MK-48,Lipkovo
MK-82,Čučer-Sandevo
MK-29,Gjorče Petrov
MK-68,Saraj
MK-35,Jegunovce
MK-75,Tearce
MK-76,Tetovo
MK-06,Bogovinje
MK-16,Vrapčište
RS-24,Pčinja
MK-44,Kriva Palanka
MK-65,Rankovce
MK-71,Staro Nagoričane
MK-47,Kumanovo
BG-05,Vidin
RS-14,Bor
RS-15,Zaječar
RS-22,Pirot
BG-14,Pernik
BG-23,Sofia
BG-12,Montana
RS-23,Jablanica
BG-10,Kyustendil
MK-23,Delčevo
MK-51,Makedonska Kamenica
BG-01,Blagoevgrad
MK-03,Berovo
MK-60,Pehčevo
HR-19,Dubrovnik-Neretva
ME-08,Herceg Novi
BA-BIH,Herzegovina-Neretva Canton
UG-411,Ntungamo
UG-417,Isingiro
RW-03,Northern
UG-404,Kabale
UG-408,Kisoro
CU-14,Guantánamo
IN-UT,Uttarakhand
RS-18,Raška
RS-19,Rasina
RS-21,Toplica
ME-17,Rožaje
ME-03,Berane
ME-13,Plav
ME-14,Pljevlja
RS-16,Zlatibor
ME-04,Bijelo Polje
HN-OC,Ocotepeque
SV-CH,Chalatenango
HN-LE,Lempira
SV-CA,Cabañas
HN-IN,Intibucá
SV-MO,Morazán
HN-LP,La Paz
SV-SM,San Miguel
SV-UN,La Unión
HN-VA,Valle
NI-AN,North Caribbean Coast
HN-OL,Olancho
HN-GD,Gracias a Dios
NI-JI,Jinotega
HN-EP,El Paraíso
NI-NS,Nueva Segovia
NI-CI,Chinandega
HN-CH,Choluteca
NI-MD,Madriz
EC-E,Esmeraldas
CO-NAR,Nariño
EC-C,Carchi
EC-U,Sucumbíos
CO-PUT,Putumayo
SR-NI,Nickerie
SR-MA,Marowijne
BO-T,Tarija
PY-19,Boquerón
AR-P,Formosa
PY-15,Presidente Hayes
PY-11,Central
PY-ASU,Asunción
PY-10,Alto Paraná
AR-N,Misiones
PY-7,Itapúa
PY-12,Ñeembucú
AR-H,Chaco
AR-W,Corrientes
PY-8,Misiones
BO-S,Santa Cruz
BR-MS,Mato Grosso do Sul
PY-16,Alto Paraguay
PY-1,Concepción
PY-13,Amambay
PY-14,Canindeyú
BR-PR,Paraná
BR-SC,Santa Catarina
NL-ZE,Zeeland
BE-VOV,East Flanders
NL-NB,North Brabant
BE-VAN,Antwerp
BE-VLI,Limburg
DE-BW,Baden-Württemberg
CH-SH,Schaffhausen
CH-TG,Thurgau
CH-ZH,Zürich
CH-AG,Aargau
CH-BS,Basel-Stadt
CH-BL,Basel-Landschaft
FR-67,Bas-Rhin
FR-68,Haut-Rhin
CH-SG,St. Gallen
LI-11,Vaduz
LI-03,Gamprin
CH-SO,Solothurn
CH-JU,Jura
FR-90,Territoire de Belfort
FR-25,Doubs
CH-GE,Geneva
FR-01,Ain
CH-VD,Vaud
FR-39,Jura
CH-NE,Neuchâtel
ES-BA,Badajoz
PT-07,Évora
PT-12,Portalegre
SI-105,Rogašovci
AT-6,Styria
SI-152,Cankova
SI-029,Gornja Radgona
SI-195,Apače
SI-118,Šentilj
SI-055,Kungota
SI-070,Maribor
SI-178,Selnica ob Dravi
SI-101,Radlje ob Dravi
SI-081,Muta
SI-025,Dravograd
SI-093,Podvelka
SI-103,Ravne na Koroškem
SI-175,Prevalje
SI-074,Mežica
SI-016,Črna na Koroškem
SI-131,Tržič
SI-192,Žirovnica
SI-041,Jesenice
SI-180,Solčava
SI-163,Jezersko
ME-21,Žabljak
ME-15,Plužine
ME-12,Nikšić
ME-10,Kotor
HR-03,Sisak-Moslavina
HR-12,Brod-Posavina
BA-BIH,Una-Sana Canton
HR-04,Karlovac
HR-13,Zadar
BA-SRP,Posavina Canton
HR-16,Vukovar-Syrmia
BA-BRC,Brčko
BA-BIH,Livno
HR-17,Split-Dalmatia
BA-BIH,West Herzegovina Canton
RS-07,Srem
RS-08,Mačva
RS-06,South Bačka
SK-BL,Bratislava
SK-TA,Trnava
SK-TC,Trenčín
CZ-ZL,Zlín
HU-BZ,Borsod-Abaúj-Zemplén
SK-BC,Banská Bystrica
HU-NO,Nógrád
HU-ST,Salgótarján
SK-NI,Nitra
HU-KE,Komárom-Esztergom
HU-PE,Pest
PL-LB,Lubusz Voivodeship
DE-BB,Brandenburg
PL-ZP,West Pomeranian Voivodeship
DE-MV,Mecklenburg-Western Pomerania
RO-MH,Mehedinți
RO-DJ,Dolj
BG-19,Silistra
RO-CL,Călărași
BG-18,Ruse
RO-TR,Teleorman
RO-GR,Giurgiu
RO-CT,Constanța
BG-08,Dobrich
BG-06,Vratsa
RO-OT,Olt
BG-15,Pleven
BG-04,Veliko Tarnovo
RS-02,Central Banat
RS-04,South Banat
RO-CS,Caraș-Severin
RS-11,Braničevo
GR-A,East Macedonia and Thrace
BG-09,Kardzhali
BG-21,Smolyan
AL-10,Shkodër
ME-01,Andrijevica
ME-16,Podgorica
ME-02,Bar
ME-20,Ulcinj
RO-BT,Botoșani
MD-BR,Briceni
MD-ED,Edineț
MD-RI,Rîșcani
MD-GL,Glodeni
MD-FA,Fălești
RO-IS,Iași
MD-UN,Ungheni
MD-NI,Nisporeni
MD-HI,Hîncești
RO-VS,Vaslui
MD-LE,Leova
MD-CT,Cantemir
MD-CA,Cahul
RO-GL,Galați
UA-77,Chernivtsi
RO-SV,Suceava
RO-MM,Maramureș
UA-26,Ivano-Frankivsk
UA-51,Odessa
RO-TL,Tulcea
MD-OC,Ocnița
UA-05,Vinnytsia
MD-DO,Dondușeni
MD-SO,Soroca
MD-CAM,Camenca
MD-RE,Rezina
MD-SN,Transnistria
MD-GRI,Grigoriopol
MD-BD,Bender
MD-SV,Ștefan Vodă
MD-CS,Căușeni
MD-CM,Cimișlia
MD-BS,Basarabeasca
MD-TA,Taraclia
MD-GA,Comrat
PL-LU,Lublin Voivodeship
UA-46,Lviv
LV-024,Dagda
LV-047,Krāslava
RU-KGD,Kaliningrad
LT-TA,Tauragė
RU-SMO,Smolensk
BY-MA,Mahilioŭ
RU-BRY,Bryansk
UA-59,Sumy
RU-KRS,Kursk
RU-BEL,Belgorod
UA-63,Kharkiv
UA-09,Luhansk
RU-VOR,Voronezh
RU-ROS,Rostov
UA-14,Donetsk
IR-01,East Azerbaijan
TR-36,Kars
AM-AG,Aragatsotn
AM-AV,Armavir
IR-03,Ardabil
AZ-IMI,Imishli
AZ-BIL,Bilasuvar
AZ-CAL,Jalilabad
AZ-YAR,Yardimli
AZ-LER,Lerik
AZ-CAB,Jabrayil
AZ-FUZ,Fuzuli
AZ-BEY,Beylagan
AZ-AST,Astara
IR-19,Gilan
RU-BU,Republic of Buryatia
MN-041,Khövsgöl
RU-TY,Tuva Republic
MN-067,Bulgan
MN-046,Uvs
MN-049,Selenge
RU-ZAB,Zabaykalsky Krai
MN-057,Zavkhan
MN-039,Khentii
CN-HL,Heilongjiang
RU-AMU,Amur
RU-YEV,Jewish
RU-KHA,Khabarovsk Krai
RU-PRI,Primorsky Krai
CN-JL,Jilin
KP-09,North Hamgyong
KP-13,Rason
KP-10,Ryanggang
KP-04,Chagang
CN-LN,Liaoning
KP-03,North Pyongan
UZ-SI,Sirdaryo
UZ-JI,Jizzakh
UZ-SA,Samarqand
UZ-QA,Qashqadaryo
UZ-SU,Surxondaryo
TJ-KT,Khatlon
AF-TAK,Takhar
AF-KDZ,Kunduz
AF-BAL,Balkh
TM-L,Lebap
AF-JOW,Jowzjan
AF-FYB,Faryab
TM-M,Mary
AF-BDG,Badghis
AF-HER,Herat
TM-A,Ahal
SY-HA,Al-Hasakah
TR-47,Mardin
SY-RA,Al-Raqqah
TR-63,Şanlıurfa
SY-HL,Aleppo
TR-79,Kilis
TR-27,Gaziantep
TR-31,Hatay
SY-ID,Idlib
SY-LA,Latakia
IQ-SU,Sulaymaniyah
IR-16,Kurdistan
IR-17,Kermanshah
IQ-DI,Diyala
IR-05,Ilam
IQ-WA,Wasit
IQ-MA,Maysan
IR-10,Khuzestan
JO-IR,Irbid
JO-MD,Madaba
JO-KA,Karak
JO-AT,Tafilah
JO-AQ,Aqaba
JO-BA,Balqa
NP-KA,Karnali Zone
NP-MA,Mahakali Zone
NP-SE,Seti Zone
NP-DH,Dhaulagiri Zone
NP-GA,Gandaki Zone
NP-BA,Bagmati Zone
NP-JA,Janakpur Zone
NP-SA,Sagarmatha Zone
NP-KO,Bhojpur
NP-ME,Mechi Zone
MM-11,Kachin State
MM-01,Sagaing
IN-NL,Nagaland
IN-MN,Manipur
IN-MZ,Mizoram
TH-57,Chiang Rai
MM-17,Shan State
TH-50,Chiang Mai
TH-58,Mae Hong Son
MM-12,Kayah State
MM-13,Kayin State
TH-63,Tak
TH-71,Kanchanaburi
MM-15,Mon State
MM-05,Tanintharyi
TH-77,Prachuap Khiri Khan
TH-76,Phetchaburi
TH-70,Ratchaburi
TH-86,Chumphon
TH-85,Ranong
LA-BK,Bokeo
LA-XA,Sainyabuli
TH-56,Phayao
TH-55,Nan
TH-53,Uttaradit
TH-65,Phitsanulok
TH-42,Loei
TH-38,Bueng Kan
LA-BL,Bolikhamsai
TH-43,Nong Khai
TH-48,Nakhon Phanom
LA-KH,Khammouane
LA-SV,Savannakhet
TH-49,Mukdahan
TH-37,Amnat Charoen
LA-SL,Salavan
LA-VI,Vientiane Prefecture
LA-VI,Vientiane
LA-CH,Champasak
VN-71,Điện Biên
LA-LP,Luang Prabang
LA-HO,Houaphanh
VN-05,Sơn La
VN-21,Thanh Hóa
VN-22,Nghệ An
LA-XI,Xiangkhouang
VN-23,Hà Tĩnh
VN-24,Quảng Bình
VN-25,Quảng Trị
VN-26,Thừa Thiên Huế
LA-XE,Sekong
VN-27,Quảng Nam
LA-AT,Attapeu
ZA-NL,KwaZulu-Natal
LS-J,Mokhotlong
ZA-FS,Free State
LS-B,Butha-Buthe
LS-C,Leribe
ZA-EC,Eastern Cape
LS-H,Qacha's Nek
LS-K,Thaba-Tseka
LS-D,Berea
LS-A,Maseru
LS-E,Mafeteng
LS-F,Mohale's Hoek
LS-G,Quthing
ZA-LP,Limpopo
BW-KL,Kgatleng
ZA-NW,North West
BW-SE,South-East
BW-SO,Southern
BW-KG,Kgalagadi
ZW-MV,Masvingo
ZM-09,Lusaka
ZW-MW,Mashonaland West
ZW-MC,Mashonaland Central
ZM-07,Southern
CF-KG,Kémo Prefecture
CF-UK,Ouaka Prefecture
CF-BK,Basse-Kotto Prefecture
CF-MB,Mbomou Prefecture
CF-MP,Ombella-M'Poko Prefecture
CF-BGF,Bangui
CF-LB,Lobaye Prefecture
TZ-05,Kagera
BI-CA,Cankuzo
BI-RY,Ruyigi
BI-RT,Rutana
BI-MA,Makamba
BI-BB,Bubanza
BI-BL,Bujumbura Rural
BI-BM,Bujumbura Mairie
BI-BR,Bururi
CD-NK,North Kivu
ET-AM,Amhara
SD-GD,Al Qadarif
ET-TI,Tigray
ET-BE,Benishangul-Gumuz
SD-NB,Blue Nile
SD-SI,Sennar
ET-GA,Gambela
SS-NU,Upper Nile
ET-OR,Oromia
SS-JG,Jonglei
TD-SI,Sila
TD-SA,Salamat
CF-BB,Bamingui-Bangoran Prefecture
TD-MC,Moyen-Chari
CF-AC,Ouham Prefecture
TD-MA,Mandoul
TD-LR,Logone Oriental
CF-OP,Ouham-Pendé Prefecture
CM-SU,South
GA-9,Woleu-Ntem
CG-13,Sangha
GA-6,Ogooué-Ivindo
CG-15,Cuvette-Ouest
GA-2,Haut-Ogooué
GA-7,Ogooué-Lolo
GA-4,Ngounié
CG-2,Lékoumou
GA-5,Nyanga
TD-HL,Hadjer-Lamis
CM-EN,Far North
TD-CB,Chari-Baguirmi
TD-ND,N'Djamena
TD-ME,Mayo-Kebbi Est
TD-MO,Mayo-Kebbi Ouest
CM-NO,North
NG-AD,Adamawa State
CM-AD,Adamawa
NG-TA,Taraba State
CM-NW,Northwest
CM-SW,Southwest
NG-BE,Benue State
NG-CR,Cross River State
NG-SO,Sokoto State
NE-5,Tahoua
NE-3,Dosso
NE-2,Diffa
NE-4,Maradi
NG-ZA,Zamfara State
NG-YO,Yobe State
NE-7,Zinder
NG-KT,Katsina State
NG-JI,Jigawa State
NE-6,Tillabéri
BF-TAP,Tapoa
BJ-AK,Atakora
BF-KMP,Kompienga
TG-S,Savanes
GH-UE,Upper East
GH-NP,Northern
TG-K,Kara
TG-C,Centre
TG-P,Plateaux
GH-TV,Volta
TG-M,Maritime
CI-08,Zanzan
GH-BA,Brong-Ahafo
CI-05,Comoé
GH-WP,Western
CI-13,Sud-Comoé
BF-LER,Léraba
CI-03,Savanes
BF-COM,Comoé
BF-PON,Poni
BF-NOU,Noumbiel
BF-OUD,Oudalan
ML-7,Gao
BF-SOM,Soum
ML-5,Mopti
BF-LOR,Loroum
BF-YAT,Yatenga
BF-SOR,Sourou
BF-KOS,Kossi
ML-4,Ségou
BF-BAN,Banwa
ML-3,Wassoulou
BF-HOU,Houet
BF-KEN,Kénédougou
LR-NI,Nimba
CI-19,Moyen-Cavally
LR-GG,Grand Gedeh
CI-09,Bas-Sassandra
LR-MY,Maryland
GN-MC,Macenta Prefecture
GN-YO,Yomou Prefecture
LR-BG,Bong
GN-NZ,Nzérékoré Prefecture
GN-GA,Gaoual Prefecture
GW-GA,Gabú
GN-BK,Boké
GW-TO,Tombali
GN-SI,Siguiri Prefecture
ML-2,Koulikoro
GN-KB,Koubia Prefecture
GN-TO,Tougué Prefecture
GN-DI,Dinguiraye Prefecture
KH-19,Stung Treng
VN-03,Hà Giang
CN-GX,Guangxi
VN-04,Cao Bằng
VN-02,Lào Cai
VN-01,Lai Châu
VN-09,Lạng Sơn
VN-13,Quảng Ninh
BN-BM,Brunei-Muara
BN-TU,Tutong
BN-BE,Belait
IN-TR,Tripura
BD-G,Sylhet
IN-ML,Meghalaya
BD-C,Dhaka
BD-F,Rangpur
BD-E,Rajshahi
BD-D,Khulna
MZ-P,Cabo Delgado
TZ-17,Mtwara
MZ-A,Niassa
ES-CA,Cádiz
US-WA,Washington
CA-BC,British Columbia
US-ID,Idaho
US-MT,Montana
CA-AB,Alberta
CA-SK,Saskatchewan
US-ND,North Dakota
CA-MB,Manitoba
US-MN,Minnesota
CA-ON,Ontario
US-MI,Michigan
US-OH,Ohio
US-PA,Pennsylvania
US-NY,New York
CA-QC,Quebec
US-VT,Vermont
US-NH,New Hampshire
US-ME,Maine
CA-NB,New Brunswick
US-AZ,Arizona
MX-SON,Sonora
MX-BCN,Baja California
US-CA,California
US-NM,New Mexico
MX-CHH,Chihuahua
US-TX,Texas
MX-COA,Coahuila
MX-TAM,Tamaulipas
MX-NLE,Nuevo León
BZ-CY,Cayo
GT-PE,Petén
BZ-OW,Orange Walk
BZ-CZL,Corozal
MX-ROO,Quintana Roo
MX-CAM,Campeche
MX-TAB,Tabasco
MX-CHP,Chiapas
GT-SM,San Marcos
GT-HU,Huehuetenango
GT-QC,Quiché
GT-AV,Alta Verapaz
CR-G,Guanacaste
NI-RI,Rivas
GT-IZ,Izabal
HN-CR,Cortés
HN-SB,Santa Bárbara
HN-CP,Copán
GT-ZA,Zacapa
PA-1,comarca Ngäbe-Buglé
CR-L,Limón
CR-P,Puntarenas
PA-4,Chiriquí
PA-KY,Guna Yala
CO-CHO,Chocó
PA-EM,Emberá-Wounaan Comarca
PA-5,Darién
GY-BA,Barima-Waini
VE-Y,Delta Amacuro
VE-F,Bolívar
BR-AM,Amazonas
CO-GUA,Guainía
CO-VAU,Vaupés
CO-AMA,Amazonas
PE-LOR,Loreto
EC-D,Orellana
EC-Y,Pastaza
EC-S,Morona-Santiago
PE-AMA,Amazonas
EC-Z,Zamora Chinchipe
PE-CAJ,Cajamarca
EC-L,Loja
PE-TUM,Tumbes
EC-O,El Oro
PE-PIU,Piura
VE-Z,Amazonas
BO-H,Chuquisaca
PE-UCA,Ucayali
BO-N,Pando
BR-RO,Rondônia
BO-B,Beni
BR-MT,Mato Grosso
PE-PUN,Puno
AR-K,Catamarca
CL-AT,Atacama
AR-F,La Rioja
AR-J,San Juan
CL-CO,Coquimbo
AR-M,Mendoza
CL-RM,Santiago
CL-VS,Valparaíso
CL-ML,Maule
CL-LI,O'Higgins
AR-Q,Neuquén
CL-NB,Ñuble
CL-AR,Araucanía
CL-BI,Biobío
CL-LR,Los Ríos
AR-U,Chubut
CL-LL,Los Lagos
AR-R,Río Negro
CL-AI,Aysén
AR-Z,Santa Cruz
CL-MA,Magellan and the Chilean Antarctic
AR-V,Tierra del Fuego
VE-V,Zulia
CO-LAG,La Guajira
CO-CES,Cesar
CO-NSA,Norte de Santander
VE-S,Tachira
VE-C,Apure
CO-ARA,Arauca
CO-BOY,Boyacá
CO-VID,Vichada
PL-PM,Pomeranian Voivodeship
ID-PA,Papua
PG-SAN,Sandaun
PG-WPD,Western
TM-B,Balkan
KZ-MAN,Mangystau
KZ-KZY,Kyzylorda
UZ-QR,Karakalpakstan
KZ-AKT,Aktobe
UZ-NW,Navoiy
TM-D,Daşoguz
UZ-XO,Xorazm
UZ-BU,Bukhara
IR-31,North Khorasan
IR-27,Golestan
IR-30,Razavi Khorasan
IR-29,South Khorasan
AF-NIM,Nimruz
IR-13,Sistan and Baluchestan
AF-FRA,Farah
PK-KP,Khyber Pakhtunkhwa
PK-TA,Federally Administered Tribal Areas
AF-KNR,Kunar
AF-NUR,Nuristan
AF-NAN,Nangarhar
AF-KHO,Khost
AF-PKA,Paktia
PK-BA,Balochistan
AF-PIA,Paktika
AF-ZAB,Zabul
AF-KAN,Kandahar
AF-HEL,Helmand
KZ-SEV,North Kazakhstan
RU-TYU,Tyumen
RU-KGN,Kurgan
RU-OMS,Omsk
KZ-KUS,Kostanay
KZ-PAV,Pavlodar
RU-NVS,Novosibirsk
RU-CHE,Chelyabinsk
RU-ALT,Altai Republic
RU-ORE,Orenburg
KZ-ZAP,West Kazakhstan
RU-SAR,Saratov
RU-AST,Astrakhan
RU-VGG,Volgograd
KZ-ATY,Atyrau
JO-MA,Mafraq
SY-SU,As-Suwayda
SY-DR,Daraa
EG-SIN,North Sinai
SA-08,Northern Borders
IQ-AN,Al Anbar
IQ-NA,Najaf
SA-12,Al-Jowf
JO-MN,Ma'an
JO-AM,Amman
JO-AZ,Zarqa
KW-AH,Al Ahmadi
IQ-NI,Nineveh
SY-DY,Deir ez-Zor
YE-HD,Hadhramaut
OM-ZU,Dhofar
YE-MR,Al Mahrah
OM-WU,Al Wusta
SA-10,Najran
YE-SD,Sa'dah
SA-14,'Asir
YE-HJ,Hajjah
SA-09,Jazan
YE-JA,Al Jawf
LY-KF,Kufra
TD-BO,Borkou
LY-MQ,Murzuq
TD-TI,Tibesti
NE-1,Agadez
DZ-11,Tamanghasset
MR-11,Tiris Zemmour
DZ-37,Tindouf
TD-KA,Kanem
SD-NO,Northern
EG-ASN,Aswan
EG-BA,Red Sea
SD-NR,River Nile
KE-400,Eastern
KE-500,North Eastern
DZ-08,Béchar
MA-06,Meknès-Tafilalet
MA-13,Suss-Massa-Draa
MR-08,Dakhlet Nouadhibou
MR-07,Adrar
TN-32,Jendouba
DZ-36,El Tarf
TN-73,Kebili
DZ-39,El Oued
TN-72,Tozeur
DZ-12,Tébessa
TN-71,Gafsa
TN-42,Kasserine
TN-33,Kef
DZ-41,Souk Ahras
DZ-30,Ouargla
ML-8,Kidal
SD-DN,North Darfur
SD-DW,West Soudan
TD-OD,Ouaddaï
TD-WF,Wadi Fira
LY-BU,Butnan
EG-MT,Matrouh
LY-AJ,Ajdabiya
EG-WAD,New Valley
GW-BA,Bafatá
GW-OI,Oio
SN-SE,Sédhiou
GW-CA,Cacheu
SN-ZG,Ziguinchor
SO-JH,Lower Juba
KE-300,Coast
TZ-13,Mara
KE-600,Nyanza
TZ-01,Arusha
TZ-09,Kilimanjaro
TZ-25,Tanga
UG-110,Rakai
UG-101,Kalangala
UG-120,Buvuma
UG-214,Mayuge
UG-230,Namayingo
GQ-LI,Litoral
GQ-KN,Kié-Ntem
GQ-CS,Centro Sur
GQ-WN,Wele-Nzas
GA-1,Estuaire
MR-05,Brakna
SN-SL,Saint-Louis
MR-06,Trarza
MR-04,Gorgol
SN-MT,Matam
MR-10,Guidimaka
MR-01,Hodh Ech Chargui
MR-02,Hodh El Gharbi
MR-03,Assaba
ZM-01,Western
AO-CCU,Cuando Cubango
AO-MOX,Moxico
ZM-06,Northwestern
AO-NAM,Namibe
NA-KU,Kunene
AO-CNN,Cunene
NA-OS,Omusati
NA-OW,Ohangwena
NA-OK,Kavango
NA-CA,Zambezi
MZ-T,Tete
ZW-ME,Mashonaland East
MZ-B,Manica
ZW-MA,Manicaland
MZ-G,Gaza
AO-ZAI,Zaire
AO-UIG,Uíge
CD-KW,Kasaï-Occidental
AO-LNO,Lunda Norte
AO-MAL,Malanje
AO-LSU,Lunda Sul
NA-HA,Hardap
NA-OD,Otjozondjupa
NA-OH,Omaheke
BW-GH,Ghanzi
GM-M,Central River
SN-KA,Kaffrine
GM-N,North Bank
SN-KL,Kaolack
GM-U,Upper River
GM-L,Lower River
SN-FK,Fatick
GM-W,West Coast
DZ-33,Illizi
LY-WS,Ash Shati
LY-GT,Ghat
BF-SEN,Séno
BF-YAG,Yagha
BF-KMD,Komondjari
CF-SE,Sangha-Mbaéré
CM-ES,East
CF-NM,Nana-Mambéré Prefecture
CF-HS,Mambéré-Kadéï
UG-315,Kaabong
UG-305,Kitgum
UG-327,Lamwo
UG-319,Amuru
UG-301,Adjumani
UG-309,Moyo
UG-313,Yumbe
UG-316,Koboko
ZA-MP,Mpumalanga
SZ-HH,Hhohho
SZ-MA,Manzini
SZ-SH,Shiselweni
ZM-04,Luapula
ZM-08,Copperbelt
ZM-02,Central
BF-KOP,Koulpélogo
BF-BLG,Boulgou
BJ-DO,Donga
BJ-ZO,Zou
BJ-KO,Kouffo
BJ-MO,Mono
BF-NAO,Nahouri
BF-SIS,Sissili
GH-UW,Upper West
BF-IOB,Ioba
MW-NK,Nkhotakota
MW-SA,Salima
MW-MG,Mangochi
MW-MH,Machinga
MW-DE,Dedza
MW-LI,Lilongwe
MW-NS,Nsanje
MW-CK,Chikwawa
MW-MW,Mwanza
MW-NE,Neno
MW-NU,Ntcheu
MW-ZO,Zomba
MZ-Q,Zambezia
MW-PH,Phalombe
MW-MU,Mulanje
MW-TH,Thyolo
UG-308,Moroto
KE-800,Western
UG-206,Kapchorwa
UG-218,Bukwo
UG-324,Amudat
UG-202,Busia
UG-212,Tororo
UG-221,Manafwa
UG-223,Bududa
UG-320,Maracha
UG-303,Arua
UG-331,Zombo
UG-310,Nebbi
UG-419,Buliisa
UG-403,Hoima
UG-423,Ntoroko
UG-401,Bundibugyo
UG-405,Kabarole
UG-406,Kasese
UG-424,Rubirizi
UG-412,Rukungiri
UG-414,Kanungu
ER-DU,Debub
SD-RS,Red Sea
ER-SK,Northern Red Sea
ER-GB,Gash-Barka
SD-KA,Kassala
ER-MA,Maekel
EE-44,Ida-Viru
EE-65,Põlva
EE-78,Tartu
EE-49,Jõgeva
PK-PB,Punjab
IN-PB,Punjab
IN-RJ,Rajasthan
PK-SD,Sindh
IN-GJ,Gujarat
US-AK,Alaska
CA-YT,Yukon
SD-NW,White Nile
SD-KS,South Kordofan
SS-UY,Unity
CN-GD,Guangdong
SS-BN,Northern Bahr el Ghazal
SD-DS,East Darfur
DZ-45,Naama
DZ-13,Tlemcen
IN-HP,Himachal Pradesh
CY-04,Famagusta
CY-01,Nicosia
SY-QU,Quneitra
CY-02,Limassol
BZ-TOL,Toledo
BT-15,Thimphu
BT-11,Paro
BT-GA,Gasa
IN-JK,Jammu and Kashmir
UA-43,Autonomous Republic of Crimea
UA-65,Kherson
IN-BR,Bihar
NP-NA,Narayani Zone
NP-LU,Lumbini Zone
IN-UP,Uttar Pradesh
NP-RA,Rapti Zone
NP-BH,Bheri Zone
UY-SA,Salto
UY-RV,Rivera
UY-RO,Rocha
UY-TT,Treinta y Tres
UY-CL,Cerro Largo
CR-H,Heredia
SI-015,Črenšovci
SI-063,Ljutomer
SI-176,Razkrižje
SI-087,Ormož
HR-05,Varaždin
SI-143,Zavrč
SI-028,Gorišnica
SI-135,Videm
SI-172,Podlehnik
SI-191,Žetale
HR-02,Krapina-Zagorje
SI-107,Rogatec
SI-106,Rogaška Slatina
SI-149,Bistrica ob Sotli
SI-092,Podčetrtek
SI-009,Brežice
HR-01,Zagreb
SI-054,Krško
SI-119,Šentjernej
SI-085,Novo Mesto
SI-073,Metlika
SI-017,Črnomelj
HR-08,Primorje-Gorski
SI-048,Kočevje
SI-165,Kostel
SI-066,Loški Potok
SI-065,Loška Dolina
SI-038,Ilirska Bistrica
IL-JM,Jerusalem
PK-JK,Azad Kashmir
ES-OR,Ourense
PT-16,Viana do Castelo
ES-CC,Cáceres
PT-05,Castelo Branco
PT-09,Guarda
ES-SA,Salamanca
PT-04,Bragança
ES-ZA,Zamora
PT-17,Vila Real
PT-03,Braga
ES-PO,Pontevedra
ES-H,Huelva
PT-08,Faro
PT-02,Beja
GB-FLN,Flintshire
GB-CHW,Cheshire West and Chester
GB-WRX,Wrexham
GB-SHR,Shropshire
GB-POW,Powys
GB-HEF,Herefordshire
GB-MON,Monmouthshire
GB-GLS,Gloucestershire
GB-SCB,Scottish Borders
GB-NBL,Northumberland
GB-CMA,Cumbria
GB-DGY,Dumfries and Galloway
BE-BRU,Brussels Capital
BE-VBR,Flemish Brabant
BE-WBR,Walloon Brabant
BA-BIH,Central Bosnia Canton
BA-BIH,Zenica-Doboj Canton
BA-BIH,Tuzla Canton
BA-BIH,Sarajevo Canton
BA-BIH,Bosnian Podrinje Canton
RS-00,Belgrade
RS-10,Podunavlje
GE-GU,Guria
IQ-SD,Saladin
IQ-TS,Kirkuk
AR-B,Buenos Aires
BR-MA,Maranhão
BR-PI,Piauí
BR-CE,Ceará
BR-RN,Rio Grande do Norte
BR-PB,Paraíba
BR-PE,Pernambuco
BR-AL,Alagoas
BR-SE,Sergipe
BR-BA,Bahia
BR-ES,Espírito Santo
BR-RJ,Rio de Janeiro
BR-SP,São Paulo
UY-MA,Maldonado
UY-CA,Canelones
UY-MO,Montevideo
UY-SJ,San José
UY-CO,Colonia
UY-SO,Soriano
UY-RN,Río Negro
AR-C,Buenos Aires
AU-WA,Western Australia
AU-NT,Northern Territory
MG-M,Boeny
MG-M,Sofia
MG-D,Diana
MG-D,Sava
MG-A,Toamasina
MG-A,Toamasina
MG-F,Vatovavy-Fitovinany
MG-F,Atsimo-Atsinanana
MG-U,Anosy
MG-U,Androy
MG-U,Atsimo-Andrefana
MG-U,Menabe
MG-M,Melaky
AU-SA,South Australia
AU-QLD,Queensland
AU-NSW,New South Wales
AU-VIC,Victoria
AO-CUS,Cuanza Sul
AO-BGU,Benguela
NA-ER,Erongo
ZA-WC,Western Cape
MZ-L,Maputo
MZ-I,Inhambane
MZ-S,Sofala
MZ-N,Nampula
TZ-12,Lindi
TZ-19,Pwani
TZ-02,Dar es Salaam
ID-JI,East Java
ID-MA,Maluku
ID-NB,West Nusa Tenggara
ID-SN,South Sulawesi
ID-JT,Central Java
ID-JB,West Java
ID-JK,Jakarta
ID-BT,Banten
ID-YO,Yogyakarta
ID-SG,Southeast Sulawesi
ID-PB,West Papua
EC-G,Guayas
ID-ST,Central Sulawesi
ID-MU,North Maluku
EC-W,Galápagos
PG-ESW,East Sepik
PG-MPM,Madang
PG-MPL,Morobe
PG-NPP,Oro
PG-MBA,Milne Bay
PG-CPM,Central
PG-NCD,Port Moresby
PG-GPK,Gulf
ID-KR,Riau Islands
ID-RI,Riau
ID-GO,Gorontalo
ID-SA,North Sulawesi
ID-SR,West Sulawesi
CO-CAU,Cauca
PE-MOQ,Moquegua
PE-ARE,Arequipa
PE-ICA,Ica
PE-LIM,Lima
PE-LIM,Lima
PE-CAL,Callao
PE-ANC,Áncash
PE-LAL,La Libertad
PE-LAM,Lambayeque
EC-SE,Santa Elena
EC-M,Manabí
CO-VAC,Valle del Cauca
PA-8,Panamá
PA-2,Coclé
PH-SLU,Sulu
ID-JA,Jambi
ID-SS,South Sumatra
ID-LA,Lampung
ID-BE,Bengkulu
ID-SB,West Sumatra
ID-SU,North Sumatra
ID-AC,Aceh
GY-DE,Demerara-Mahaica
ID-KT,Central Kalimantan
ID-KS,South Kalimantan
PH-DAV,Davao del Norte
PA-9,Veraguas
PH-ZSI,Zamboanga Sibugay
PH-PLW,Palawan
VN-52,Sóc Trăng
PH-SUN,Dinagat Islands
PH-SUR,Surigao del Sur
PH-AGN,Agusan del Norte
PH-AGN,Butuan
PH-MSR,Misamis Oriental
PH-MSR,Cagayan de Oro
PH-LAN,Iligan
PH-LAN,Lanao del Norte
PH-ZAS,Zamboanga del Sur
PH-MSC,Misamis Occidental
PH-ZAN,Zamboanga del Norte
PH-ZAN,Zamboanga Peninsula
PH-LAS,Lanao del Sur
PH-MAG,Maguindanao
PH-NCO,Cotabato
PH-SUK,Sultan Kudarat
PH-SAR,Sarangani
PH-SCO,General Santos
PH-DAS,Davao del Sur
PH-DAV,Davao
PH-COM,Davao de Oro
PH-DAO,Davao Oriental
LK-53,Trincomalee
LK-45,Mullaitivu
LK-41,Jaffna
LK-42,Kilinochchi
LK-43,Mannar
LK-62,Puttalam
LK-12,Gampaha
LK-11,Colombo
LK-13,Kalutara
LK-31,Galle
LK-32,Matara
LK-33,Hambantota
LK-52,Ampara
LK-51,Batticaloa
PH-SLE,Southern Leyte
VN-46,Tiền Giang
VN-43,Bà Rịa-Vũng Tàu
KH-18,Sihanoukville
VN-SG,Ho Chi Minh
PH-LEY,Leyte
PH-EAS,Eastern Samar
PH-BIL,Biliran
PH-WSA,Samar
VN-34,Khánh Hòa
PA-3,Colón
CO-ANT,Antioquia
CO-COR,Córdoba
CO-SUC,Sucre
CO-BOL,Bolívar
CO-ATL,Atlántico
CO-MAG,Magdalena
VE-L,Merida
VE-T,Trujillo
VE-I,Falcón
VE-U,Yaracuy
VE-G,Carabobo
VE-D,Aragua
VE-X,Vargas state
VE-M,Miranda
VE-B,Anzoátegui
VE-R,Sucre
VE-N,Monagas
GY-CU,Cuyuni-Mazaruni
GY-UT,Upper Takutu-Upper Essequibo
GY-EB,East Berbice-Corentyne
GY-ES,Mahaica-Berbice
SR-CR,Coronie
SR-SA,Saramacca
SR-WA,Wanica
SR-PM,Paramaribo
SR-CM,Commewijne
IN-AP,Andhra Pradesh
HT-SD,Sud
NG-ON,Ondo State
NG-DE,Delta State
NG-BY,Bayelsa State
NG-RI,Rivers State
NG-AK,Akwa Ibom State
CM-LT,Littoral
GA-8,Ogooué-Maritime
CG-16,Pointe-Noire
AO-BGO,Bengo
AO-LUA,Luanda
LY-SR,Sirte
LY-MI,Misrata
LY-MB,Murqub
LY-TN,Tripoli District
LY-ZA,Zawiya
TN-81,Gabès
TN-61,Sfax
TN-53,Mahdia
TN-52,Monastir
TN-51,Sousse
TN-21,Nabeul
TN-13,Ben Arous
TN-11,Tunis
TN-14,Manouba
TN-23,Bizerte
TN-31,Beja
DZ-23,Annaba
DZ-21,Skikda
DZ-18,Jijel
DZ-06,Béjaïa
DZ-15,Tizi Ouzou
DZ-35,Boumerdès
DZ-16,Algiers
DZ-42,Tipasa
DZ-02,Chlef
DZ-27,Mostaganem
DZ-31,Oran
DZ-46,Aïn Témouchent
MA-03,Taza-Al Hoceïma-Taounate
MA-02,Gharb-Chrarda-Béni Hssen
MA-07,Rabat-Salé-Zemmour-Zaër
MA-09,Chaouia-Ouardigha
MA-08,Grand Casablanca
MA-10,Doukkala Abda
MA-11,Marrakesh-Tensift-El Haouz
MR-12,Inchiri
MR-NKC,Nouakchott
SN-LG,Louga
SN-TH,Thiès
SN-DK,Dakar
GM-B,Banjul
GW-BM,Biombo
GW-BS,Bissau
GW-QU,Quinara
GW-BL,Bolama
GN-BF,Boffa Prefecture
GN-DU,Dubréka Prefecture
GN-C,Conakry
GN-CO,Coyah Prefecture
SL-W,Western Area
LR-BM,Bomi
LR-MO,Montserrado
LR-MG,Margibi
LR-GB,Grand Bassa
LR-RI,River Cess
LR-SI,Sinoe
LR-GK,Grand Kru
CI-15,Sud-Bandama
CI-01,Lagunes
GH-CP,Central
GH-AA,Greater Accra
BJ-AQ,Atlantique
BJ-LI,Littoral
MX-COL,Colima
HT-GA,Grand'Anse
PH-AUR,Aurora
PH-QUE,Quezon
PH-CAN,Camarines Norte
PH-CAS,Camarines Sur
PH-ALB,Albay
PH-SOR,Sorsogon
PH-QUE,Lucena
PH-BTG,Batangas
PH-CAV,Cavite
PH-MNL,Las Pinas
PH-MNL,Parañaque
PH-MNL,Pasay
PH-MNL,Metro Manila
PH-MNL,Navotas
PH-BUL,Bulacan
PH-PAM,Pampanga
PH-BAN,Bataan
PH-ZMB,Olongapo
PH-ZMB,Zambales
PH-PAN,Pangasinan
PH-PAN,Dagupan
PH-LUN,La Union
PH-ILS,Ilocos Sur
PH-ILN,Ilocos Norte
PH-CAG,Cagayan
PH-ISA,Isabela
HT-NO,Nord-Ouest
CN-HI,Hainan
MX-NAY,Nayarit
BS-IN,Inagua
BS-MG,Mayaguana
BS-AK,Acklins
CN-FJ,Fujian
MX-BCS,Baja California Sur
SO-JD,Middle Juba
SO-SH,Lower Shebelle
SO-BN,Banaadir
SO-SD,Middle Shebelle
DJ-DJ,Djibouti
EG-SUZ,Suez
EG-JS,South Sinai
SA-07,Tabuk
SA-03,Al Madinah
SA-02,Makkah
YE-HU,Al Hudaydah
YE-TA,Ta'izz
YE-LA,Lahij
YE-AD,'Adan
YE-AB,Abyan
YE-SH,Shabwah
OM-SH,Ash Sharqiyah
OM-SS,Ash Sharqiyah North
OM-MA,Muscat
OM-BJ,Al Batinah South
AE-UQ,Emirate of Umm Al Quwain
AE-AJ,Emirate of Ajman
QA-WA,Al Wakrah
QA-DA,Doha
QA-ZA,Al Daayen
QA-KH,Al Khor
QA-MS,Madinat ash Shamal
KW-MU,Mubarak Al-Kabeer
KW-HA,Hawally
KW-KU,Capital
TW-TAO,Taoyuan
TW-HSQ,Hsinchu
TW-HSZ,Hsinchu
TW-MIA,Miaoli
TW-TXG,Taichung City
TW-CHA,Changhua
TW-YUN,Yunlin
TW-CYQ,Chiayi
TW-TNN,Tainan
TW-KHH,Kaohsiung
TW-PIF,Pingtung
TW-TTT,Taitung
TW-HUA,Hualien
TW-ILA,Yilan
TW-TPQ,New Taipei
TW-KEE,Keelung
MX-SIN,Sinaloa
US-LA,Louisiana
US-MS,Mississippi
US-AL,Alabama
US-FL,Florida
US-GA,Georgia
US-SC,South Carolina
US-NC,North Carolina
US-VA,Virginia
US-DC,Washington
US-MD,Maryland
US-DE,Delaware
US-NJ,New Jersey
US-CT,Connecticut
US-RI,Rhode Island
US-MA,Massachusetts
PA-NB,Ngöbe-Buglé Comarca
NI-AS,South Caribbean Coast
HN-CL,Colón
HN-AT,Atlántida
BZ-SC,Stann Creek
BZ-BZ,Belize
MX-YUC,Yucatán
MX-VER,Veracruz
MX-JAL,Jalisco
MX-MIC,Michoacán
MX-GRO,Guerrero
MX-OAX,Oaxaca
GT-RE,Retalhuleu
GT-SU,Suchitepéquez
GT-ES,Escuintla
GT-SR,Santa Rosa
SV-SO,Sonsonate
SV-LI,La Libertad
SV-PA,La Paz
SV-SV,San Vicente
SV-US,Usulután
NI-LE,León
NI-MN,Managua
NI-CA,Carazo
PA-7,Los Santos
PA-6,Herrera
CN-ZJ,Zhejiang
CN-SH,Shanghai
JP-46,Kagoshima Prefecture
CN-JS,Jiangsu
IR-06,Bushehr
IR-23,Hormozgan
IL-TA,Tel Aviv
EG-PTS,Port Said
EG-DK,Dakahlia
EG-SHR,Al Sharqia
EG-IS,Ismailia
EG-DT,Damietta
EG-KFS,Kafr el-Sheikh
EG-BH,Beheira
EG-ALX,Alexandria
LY-QB,Al Qubbah
LY-JA,Jabal al Akhdar
LY-MJ,Marj
LY-BA,Benghazi
JP-44,Ōita Prefecture
JP-40,Fukuoka Prefecture
JP-41,Saga Prefecture
JP-42,Nagasaki Prefecture
JP-43,Kumamoto Prefecture
JP-45,Miyazaki Prefecture
JP-36,Tokushima Prefecture
JP-37,Kagawa Prefecture
JP-38,Ehime Prefecture
JP-39,Kōchi Prefecture
JP-32,Shimane Prefecture
KR-44,South Chungcheong
JP-35,Yamaguchi Prefecture
JP-31,Tottori Prefecture
JP-28,Hyōgo Prefecture
JP-26,Kyōto Prefecture
JP-18,Fukui Prefecture
JP-17,Ishikawa Prefecture
JP-16,Toyama Prefecture
JP-15,Niigata Prefecture
JP-06,Yamagata Prefecture
JP-05,Akita Prefecture
JP-02,Aomori Prefecture
JP-03,Iwate Prefecture
JP-04,Miyagi Prefecture
JP-07,Fukushima Prefecture
JP-08,Ibaraki Prefecture
JP-12,Chiba Prefecture
JP-13,Tokyo
JP-14,Kanagawa Prefecture
JP-22,Shizuoka Prefecture
JP-23,Aichi Prefecture
JP-24,Mie Prefecture
JP-30,Wakayama Prefecture
JP-27,Ōsaka Prefecture
JP-33,Okayama Prefecture
JP-34,Hiroshima Prefecture
US-OR,Oregon
CA-NU,Nunavut
CA-NL,Newfoundland and Labrador
CA-NS,Nova Scotia
JP-01,Hokkaidō
IN-OR,Odisha
BD-A,Barisal
MM-07,Ayeyarwady
MM-06,Yangon
MM-02,Bago
TH-82,Phang Nga
TH-81,Krabi
TH-92,Trang
MY-07,Penang
MY-10,Selangor
MY-05,Negeri Sembilan
MY-04,Melaka
MY-01,Johor
MY-06,Pahang
MY-11,Terengganu
TH-94,Pattani
TH-93,Phatthalung
TH-80,Nakhon Si Thammarat
TH-84,Surat Thani
TH-75,Samut Songkhram
TH-74,Samut Sakhon
TH-10,Bangkok
TH-11,Samut Prakan
TH-24,Chachoengsao
TH-20,Chon Buri
TH-21,Rayong
KH-23,Kep
VN-59,Cà Mau
VN-55,Bạc Liêu
VN-73,Hậu Giang
VN-49,Vĩnh Long
VN-51,Trà Vinh
VN-50,Bến Tre
VN-39,Đông Nam Bộ
VN-40,Bình Thuận
VN-36,Ninh Thuận
VN-32,Phú Yên
VN-31,Bình Định
VN-29,Quảng Ngãi
VN-DN,Da Nang
VN-18,Ninh Bình
VN-67,Nam Định
VN-20,Thái Bình
VN-HP,Haiphong
CN-SD,Shandong
CN-HE,Hebei
CN-TJ,Tianjin
KP-02,South Pyongan
KP-05,South Hwanghae
KR-28,Incheon
KR-45,North Jeolla
KR-46,South Jeolla
KR-48,South Gyeongsang
KR-26,Busan
KR-31,Ulsan
KR-47,North Gyeongsang
KP-08,South Hamgyong
RU-MAG,Magadan
IN-DH,Dadra and Nagar Haveli and Daman and Diu
IN-MH,Maharashtra
IN-GA,Goa
IN-KA,Karnataka
IN-KL,Kerala
IN-PY,Puducherry
IN-TN,Tamil Nadu
RU-SAK,Sakhalin
IE-D,Dublin
IE-D,Dún Laoghaire–Rathdown
IE-WW,Wicklow
IE-WX,Wexford
IE-KK,Kilkenny
IE-WD,Waterford
IE-CO,Cork
IE-CO,Cork
IE-KY,Kerry
IE-LK,Limerick
IE-CE,Clare
IE-G,Galway
IE-G,Galway
IE-MO,Mayo
IE-SO,Sligo
GB-LMV,Limavady
GB-CLR,Coleraine
GB-MYL,Moyle
GB-LRN,Larne
GB-CKF,Carrickfergus
GB-NTA,Newtownabbey
GB-BFS,Belfast
GB-NDN,North Down
GB-ARD,Ards
GB-DOW,Down
IE-MH,Meath
IE-D,Fingal
UA-23,Zaporizhzhia
UA-40,Sevastopol
UA-48,Mykolaiv
BG-03,Varna
TR-34,Istanbul
TR-59,Tekirdağ
TR-17,Çanakkale
GB-CLK,Clackmannanshire
GB-STG,Stirling
GB-FAL,Falkirk
GB-WLN,West Lothian
GB-EDH,Edinburgh
GB-MLN,Midlothian
GB-ELN,East Lothian
GB-NTY,North Tyneside
GB-STY,South Tyneside
GB-SND,Sunderland
GB-DUR,Durham
GB-HPL,Hartlepool
GB-RCC,Redcar and Cleveland
GB-NYK,North Yorkshire
GB-ERY,East Riding of Yorkshire
GB-KHL,Kingston upon Hull
GB-NLN,North Lincolnshire
GB-NEL,North East Lincolnshire
GB-LIN,Lincolnshire
GB-NFK,Norfolk
GB-SFK,Suffolk
GB-ESS,Essex
GB-SOS,Southend-on-Sea
GB-THR,Thurrock
GB-KEN,Kent
GB-MDW,Medway
GB-ESX,East Sussex
GB-BNH,Brighton and Hove
GB-WSX,West Sussex
GB-HAM,Hampshire
GB-POR,Portsmouth
GB-STH,Southampton
GB-DOR,Dorset
GB-BMH,Bournemouth
GB-POL,Poole
GB-DEV,Devon
GB-TOB,Torbay
GB-PLY,Plymouth
GB-CON,Cornwall
GB-SOM,Somerset
GB-NSM,North Somerset
GB-BST,Bristol
GB-SGC,South Gloucestershire
GB-NWP,Newport
GB-CRF,Cardiff
GB-VGL,Vale of Glamorgan
GB-BGE,Bridgend
GB-NTL,Neath Port Talbot
GB-SWA,Swansea
GB-CMN,Carmarthenshire
GB-PEM,Pembrokeshire
GB-CGN,Ceredigion
GB-GWN,Gwynedd
GB-CWY,Conwy
GB-DEN,Denbighshire
GB-WRL,Halton
GB-HAL,Halton
GB-KWL,Knowsley
GB-LIV,Liverpool
GB-SFT,Sefton
GB-LAN,Lancashire
GB-BPL,Blackpool
GB-SAY,South Ayrshire
GB-NAY,North Ayrshire
GB-IVC,Inverclyde
GB-RFW,Renfrewshire
GB-WDU,West Dunbartonshire
GB-AGB,Argyll and Bute
GB-HLD,Highland
GB-MRY,Moray
GB-ABD,Aberdeenshire
GB-ABE,Aberdeen
GB-ANS,Angus
GB-DND,Dundee
GB-PKN,Perth and Kinross
GB-FIF,Fife
RU-CHU,Chukotka Autonomous Okrug
IS-7,Austurland
IS-8,Southern
IS-2,Southern Peninsula
IS-0,Reykjavík
IS-1,Capital
IS-3,Western
IS-4,Westfjords
IS-5,Northwestern
IS-6,Northeastern
RU-YAN,Yamalo-Nenets Autonomous Okrug
RU-NEN,Nenets Autonomous Okrug
CA-NT,Northwest Territories
RU-SA,Sakha Republic
LV-066,Nīca
LV-LPX,Liepāja
LV-032,Grobiņa
LV-071,Pāvilosta
LV-VEN,Ventspils
LV-VEN,Ventspils
LV-027,Dundaga
LV-079,Roja
LV-097,Talsi
LV-063,Mērsrags
LV-029,Engure
LV-JUR,Jūrmala
LV-RIX,Riga
LV-020,Carnikava
LV-089,Saulkrasti
LV-054,Limbaži
EE-57,Lääne
EE-37,Harju
EE-59,Lääne-Viru
RU-SPE,Saint Petersburg
FI-18,Uusimaa
FI-19,Finland Proper
FI-17,Satakunta
FI-12,Ostrobothnia
FI-07,Central Ostrobothnia
SE-Y,Västernorrland
SE-X,Gävleborg
SE-C,Uppsala
SE-AB,Stockholm
SE-D,Södermanland
SE-E,Östergötland
SE-H,Kalmar
SE-K,Blekinge
SE-M,Skåne
SE-N,Halland
NO-03,Oslo
NO-06,Buskerud
NO-07,Vestfold
NO-08,Telemark
NO-09,Aust-Agder
NO-10,Vest-Agder
NO-11,Rogaland
NO-12,Hordaland
NO-14,Sogn og Fjordane
NO-15,Møre og Romsdal
TR-53,Rize
TR-61,Trabzon
TR-28,Giresun
TR-52,Ordu
TR-55,Samsun
TR-57,Sinop
TR-37,Kastamonu
TR-74,Bartın
TR-67,Zonguldak
TR-81,Düzce
TR-54,Sakarya
TR-41,Kocaeli
TR-77,Yalova
TR-16,Bursa
TR-10,Balıkesir
TR-35,İzmir
TR-09,Aydın
TR-48,Muğla
TR-07,Antalya
TR-33,Mersin
TR-01,Adana
LB-JL,Mount Lebanon
LB-BA,Beirut
RU-ARK,Arkhangelsk
RU-KYA,Krasnoyarsk Krai
GR-69,Mount Athos
GR-E,Thessalia
GR-H,Central Greece
GR-A1,Attica
GR-J,Peloponnese
GR-G,West Greece
AL-04,Fier
AL-11,Tirana
AL-02,Durrës
AL-08,Lezhë
ME-05,Budva
ME-19,Tivat
HR-15,Šibenik-Knin
HR-09,Lika-Senj
SI-040,Izola
IT-VE,Venice
IT-PD,Padua
IT-RO,Rovigo
IT-FE,Ferrara
IT-RA,Ravenna
IT-FC,Forlì-Cesena
IT-AN,Ancona
IT-MC,Macerata
IT-FM,Fermo
IT-AP,Ascoli Piceno
IT-TE,Teramo
IT-PE,Pescara
IT-CH,Chieti
IT-CB,Campobasso
IT-FG,Foggia
IT-BT,Barletta-Andria-Trani
IT-BA,Bari
IT-BR,Brindisi
IT-LE,Lecce
IT-TA,Taranto
IT-MT,Matera
IT-CS,Cosenza
IT-KR,Crotone
IT-CZ,Catanzaro
IT-RC,Reggio Calabria
IT-VV,Vibo Valentia
IT-PZ,Potenza
IT-SA,Salerno
IT-NA,Naples
IT-CE,Caserta
IT-LT,Latina
IT-RM,Rome
IT-VT,Viterbo
IT-GR,Grosseto
IT-LI,Livorno
IT-PI,Pisa
IT-LU,Lucca
IT-MS,Massa-Carrara
IT-SP,La Spezia
IT-GE,Liguria
IT-SV,Savona
FR-83,Var
FR-13,Bouches-du-Rhône
FR-30,Gard
FR-34,Hérault
FR-11,Aude
ES-B,Barcelona
ES-T,Tarragona
ES-CS,Castellón
ES-V,Valencia
ES-A,Alicante
ES-MU,Murcia
ES-AL,Almería
ES-GR,Granada
ES-MA,Málaga
ES-SE,Seville
PT-15,Setúbal
PT-11,Lisbon
PT-14,Santarém
PT-10,Leiria
PT-06,Coimbra
PT-01,Aveiro
PT-13,Porto
ES-C,A Coruña
ES-LU,Lugo
ES-O,Asturias
ES-S,Cantabria
ES-BI,Biscay
FR-40,Landes
FR-33,Gironde
FR-17,Charente-Maritime
FR-85,Vendée
FR-44,Loire-Atlantique
FR-56,Morbihan
FR-29,Finistère
FR-22,Côtes-d'Armor
FR-35,Ille-et-Vilaine
FR-50,Manche
FR-14,Calvados
FR-27,Eure
FR-76,Seine-Maritime
FR-80,Somme
FR-62,Pas-de-Calais
NL-ZH,South Holland
NL-NH,North Holland
NL-FR,Friesland
DE-HB,Free Hanseatic Bremen
DE-HH,Hamburg
DK-82,Central Denmark
DK-81,North Denmark
GL-SM,Sermersooq
GL-UO,Northeast Greenland National Park
GL-QA,Qaasuitsup
GL-UO,Pituffik
GL-QE,Qeqqata
GL-KU,Kujalleq
SC-15,La Digue
MH-L,Ralik Chain
MH-T,Ratak Chain
IN-LD,Lakshadweep
VE-O,Nueva Esparta
TT-TUP,Tunapuna-Piarco Regional Corporation
TT-SJL,San Juan–Laventille
TT-DMN,Diego Martin Regional Corporation
TT-POS,Port of Spain
TT-CHA,Chaguanas
TT-CTT,Couva-Tabaquite-Talparo
TT-SFO,San Fernando
TT-PED,Penal-Debe Regional Corporation
TT-SIP,Siparia Regional Corporation
TT-PTF,Point Fortin
TT-PRT,Princes Town
TT-RCM,Mayaro-Rio Claro
TT-SGE,Sangre Grande Regional Corporation
VE-W,Federal Dependencies
TT-ETO,Tobago
TT-WTO,Tobago
GD-03,Saint George
GD-02,Saint David
GD-01,Saint Andrew
GD-06,Saint Patrick
GD-05,Saint Mark
GD-04,Saint John
IN-AN,Andaman and Nicobar Islands
NL-BQ1,Bonaire
GD-10,Carriacou and Petite Martinique
CO-SAP,Archipelago of Saint Andréws
VC-06,Grenadines
BB-06,Saint Joseph
BB-02,Saint Andrew
BB-09,Saint Peter
BB-07,Saint Lucy
BB-04,Saint James
BB-08,Saint Michael
BB-01,Christ Church
BB-10,Saint Philip
BB-05,Saint John
VC-02,Saint Andrew
VC-04,Saint George
VC-01,Charlotte
VC-03,Saint David
VC-05,Saint Patrick
LC-06,Gros Islet Quarter
LC-02,Castries Quarter
LC-01,Anse la Raye Quarter
LC-10,Soufrière Quarter
LC-03,Choiseul Quarter
LC-07,Laborie Quarter
LC-11,Vieux Fort Quarter
LC-08,Micoud Quarter
LC-09,Praslin Quarter
LC-05,Dennery Quarter
LC-04,Dauphin Quarter
FR-MQ,Martinique
DM-09,Saint Patrick
DM-03,Saint David
DM-02,Saint Andrew
DM-05,Saint John
DM-11,Saint Peter
DM-06,Saint Joseph
DM-10,Saint Paul
DM-04,Saint George
DM-07,Saint Luke
DM-08,Saint Mark
FR-GP,Guadeloupe
HN-IB,Bay Islands
UM-67,Johnston Atoll
MS-P,Saint Peter
MS-A,Saint Anthony
MS-G,Saint George
AG-06,Saint Paul
AG-08,Saint Philip
AG-07,Saint Peter
AG-03,Saint George
AG-04,Saint John
AG-05,Saint Mary
KN-10,Saint Paul Charlestown
KN-07,Saint John Figtree
KN-04,Saint George Gingerland
KN-05,Saint James Windward
KN-12,Saint Thomas Lowland
KN-09,Saint Paul Capisterre
KN-02,Saint Anne Sandy Point
KN-13,Saint Thomas Middle Island
KN-14,Trinity Palmetto Point
KN-03,Saint George Basseterre
KN-11,Saint Peter Basseterre
KN-08,Saint Mary Cayon
KN-01,Christ Church Nichola Town
KN-06,Saint John Capisterre
NL-BQ3,Sint Eustatius
AG-10,Barbuda
US-PR,Puerto Rico
DO-11,La Altagracia
JM-06,Saint Ann
JM-07,Trelawny
JM-08,Saint James
JM-09,Hanover
JM-10,Westmoreland
JM-11,Saint Elizabeth
JM-12,Manchester
JM-13,Clarendon
JM-14,Saint Catherine
JM-02,Saint Andrew
JM-01,Kingston
JM-03,Saint Thomas
JM-04,Portland
JM-05,Saint Mary
DO-08,El Seibo
DO-30,Hato Mayor
DO-20,Samaná
DO-14,María Trinidad Sánchez
DO-09,Espaillat
DO-18,Puerto Plata
HT-ND,Nord
HT-AR,Artibonite
HT-NI,Nippes
DO-04,Barahona
DO-02,Azua
DO-17,Peravia
DO-21,San Cristóbal
DO-32,Santo Domingo
DO-01,Nacional
DO-23,San Pedro de Macorís
DO-12,La Romana
CU-09,Camagüey
CU-08,Ciego de Ávila
CU-11,Holguín
CU-99,Isla de la Juventud
BS-CK,Crooked Island
CU-07,Sancti Spíritus
CU-05,Villa Clara
CU-04,Matanzas
BS-EX,Exuma
BS-LI,Long Island
BS-RC,Rum Cay
BS-BP,Black Point
BS-SS,San Salvador Island
BS-CS,Central Andros
BS-MC,Mangrove Cay
BS-SA,South Andros
BS-CI,Cat Island
BS-NS,North Andros
BS-CE,Central Eleuthera
BS-NE,North Eleuthera
BS-SE,South Eleuthera
BS-BY,Berry Islands
BS-MI,Moore's Island
BS-FP,Freeport
BS-WG,West Grand Bahama
BS-EG,East Grand Bahama
BS-CO,Central Abaco
BS-SO,South Abaco
BS-NO,North Abaco
BM-HAM,Hamilton
BM-SMI,Smith's Parish
BM-DEV,Devonshire
BM-PEM,Pembroke Parish
BM-HA,Hamilton
BM-PAG,Paget Parish
BM-WAR,Warwick
BM-SOU,Southampton
BM-SAN,Sandys Parish
BM-SGE,Saint George
RU-KL,Republic of Kalmykia
AZ-SBN,Shabran
AZ-SIY,Siyazan
AZ-XIZ,Khizi
AZ-SM,Sumqayit
AZ-BA,Baku
AZ-SAL,Salyan
AZ-NEF,Neftchala
AZ-LA,Lankaran
AZ-MAS,Masally
AZ-LA,Lankaran
IR-21,Mazandaran
SH-TA,Tristan da Cunha
FR-RE,Réunion
MU-RR,Rivière du Rempart
MU-PA,Pamplemousses
MU-PL,Port Louis
MU-BL,Rivière Noire
MU-SA,Savanne
MU-GP,Grand Port
MU-FL,Flacq
SH-HL,Saint Helena
FR-YT,Mayotte
KM-M,Mohéli
KM-A,Anjouan
KM-G,Andjazîdja
MU-AG,Agaléga
SH-AC,Ascension
TZ-11,Unguja South
TZ-07,Unguja North
TZ-15,Mjini Magharibi
TZ-10,South Pemba
TZ-06,North Pemba
SC-13,Grand'Anse Praslin
SC-02,Anse Boileau
SC-06,Baie Lazare
SC-23,Takamaka
SC-05,Anse Royale
SC-04,Au Cap
SC-01,Anse-aux-Pins
SC-20,Pointe La Rue
SC-11,Cascade
SC-25,Roche Caiman
SC-19,Plaisance
SC-18,Mont Fleuri
SC-09,Bel Air
SC-16,La Rivière Anglaise
SC-03,Anse Etoile
SC-12,Glacis
SC-08,Beau Vallon
SC-10,Bel Ombre
SC-21,Port Glaud
SC-07,Baie Sainte Anne
SC-14,Grand'Anse Praslin
GQ-AN,Annobón
ST-S,São Tomé
ST-P,Príncipe
GQ-BN,Bioko Norte
GQ-BS,Bioko Sur
CV-BR,Brava
CV-CF,Santa Catarina do Fogo
CV-MO,Mosteiros
CV-SF,São Filipe
CV-TA,Tarrafal
CV-CA,Santa Catarina
CV-RS,Ribeira Grande de Santiago
CV-PR,Praia
CV-SD,São Domingos
CV-CR,Santa Cruz
CV-SM,São Miguel
CV-MA,Maio
CV-BV,Boa Vista
CV-RB,Ribeira Brava
CV-TS,Tarrafal de São Nicolau
CV-SL,Sal
CV-SV,São Vicente
CV-RG,Ribeira Grande
CV-PN,Porto Novo
CV-PA,Paul
ES-TF,Santa Cruz de Tenerife
ES-GC,Las Palmas
PT-30,Madeira
GR-M,Crete
GR-L,South Aegean
CY-05,Paphos
MT-21,Kalkara
MT-60,Valletta
MT-56,Sliema
MT-48,St. Julian's
MT-40,Pembroke
MT-38,Naxxar
MT-51,St. Paul's Bay
MT-30,Mellieħa
MT-31,Mġarr
MT-46,Rabat
MT-07,Dingli
MT-55,Siġġiewi
MT-44,Qrendi
MT-68,Żurrieq
MT-05,Birżebbuġa
MT-28,Marsaxlokk
MT-27,Marsaskala
MT-64,Żabbar
MT-63,Xgħajra
MT-50,Saint Lawrence
MT-22,Kerċem
MT-36,Munxar
MT-52,Sannat
MT-13,Għajnsielem
MT-42,Qala
MT-37,Nadur
MT-61,Xagħra
MT-65,Żebbuġ
MT-16,Għasri
MT-14,Għarb
IT-TP,Trapani
PT-20,Azores
GR-K,North Aegean
GR-F,Ionian Islands
IT-ME,Messina
IT-PA,Palermo
IT-AG,Agrigento
IT-CL,Caltanissetta
IT-RG,Ragusa
IT-SR,Syracuse
IT-CT,Catania
ES-PM,Balearic Islands
IT-CI,Carbonia-Iglesias
IT-SS,Sassari
IT-NU,Nuoro
IT-OT,Olbia-Tempio
IT-OR,Oristano
IT-VS,Medio Campidano
IT-CA,Cagliari
IT-OG,Ogliastra
FR-2B,Haute-Corse
FR-2A,Corse-du-Sud
GB-IOW,Isle of Wight
GB-AGY,Anglesey
DK-85,Zealand
DK-84,Denmark
GB-ELS,Outer Hebrides
SE-I,Gotland
GB-ORK,Orkney Islands
GB-ZET,Shetland Islands
AU-TAS,Tasmania
ID-BA,Bali
SG-05,South West Community Development Council
SG-01,Central Singapore Community Development Council
SG-04,South East Community Development Council
SG-02,North East Community Development Council
SG-03,North West
MY-15,Labuan
TH-83,Phuket
US-HI,Hawaii
JP-47,Okinawa Prefecture
TW-KIN,Kinmen
KR-49,Jeju
RU-KAM,Kamchatka Krai
EE-74,Saare
EE-39,Hiiu
NO-21,Svalbard
NZ-CIT,Chatham Islands
AU-NSW,Lord Howe Island
FJ-E,Eastern
TO-05,Vavaʻu
WF-SG,Sigave
WF-AL,Alo
WS-GE,Gaga'emauga
WS-GI,Gaga'ifomauga
WS-VS,Vaisigano
WS-SA,Satupa'itea
WS-PA,Palauli
WS-FA,Fa'asaleleaga
SB-RB,Rennell and Bellona
SB-MK,Makira-Ulawa
SB-TE,Temotu
SB-ML,Malaita
SB-CT,Honiara
SB-GU,Guadalcanal
SB-CE,Central
SB-CH,Western
SB-IS,Isabel
TL-AN,Ainaro
TL-MF,Manufahi
TL-MT,Manatuto
TL-VI,Viqueque
TL-LA,Lautém
TL-BA,Baucau
TL-DI,Dili
TL-LI,Liquiçá
PG-NSB,of Bougainville
PG-WBK,West New Britain
PG-EBR,East New Britain
PG-NIK,New Ireland
ID-BB,Bangka Belitung Islands
PG-MRL,Manus
MV-01,Addu Atoll
NR-03,Anetan
NR-09,Ewa
NR-05,Baiti
NR-13,Uaboe
NR-12,Nibok
NR-08,Denigomodu
NR-01,Aiwo
NR-06,Boe
NR-14,Yaren
NR-11,Meneng
NR-04,Anibare
NR-10,Ijuw
NR-02,Anabar
MV-29,Gnaviyani Atoll
MV-28,Gaafu Dhaalu Atoll
MV-27,Gaafu Alif Atoll
MV-00,Alif Dhaal Atoll
MV-26,Kaafu Atoll
MV-02,Alif Alif Atoll
MV-20,Baa Atoll
MV-03,Lhaviyani Atoll
PH-TAW,Tawi-Tawi
FM-KSA,Kosrae
MV-13,Raa Atoll
MV-24,Shaviyani Atoll
PH-BAS,Basilan
FM-PNI,Pohnpei State
FM-TRK,Chuuk State
PH-CAM,Camiguin
PH-SIG,Siquijor
PH-BOH,Bohol
PH-GUI,Guimaras
PH-BCD,Bacolod
PH-NEC,Negros Occidental
PH-NER,Negros Oriental
PH-CEB,Cebu
PH-MDE,Mandaue
PH-CEB,Cebu
PH-PLW,Puerto Princesa
PH-LEY,Tacloban
PH-LEY,Ormoc
PH-AKL,Aklan
PH-ANT,Antique
PH-ILI,Iloilo
PH-ILI,Iloilo
PH-CAP,Capiz
PH-ROM,Romblon
PH-NSA,Northern Samar
PH-MAS,Masbate
PH-MDR,Oriental Mindoro
PH-MDC,Occidental Mindoro
PH-MAD,Marinduque
PH-CAT,Catanduanes
PH-BTN,Batanes
TO-01,ʻEua
TO-04,Tongatapu
VU-TAE,Tafea
TO-02,Haʻapai
MU-RO,Rodrigues
FJ-W,Western
FJ-C,Central
VU-SEE,Shefa
FJ-N,Northern
VU-MAP,Malampa
VU-SAM,Sanma
TO-03,Niuas
VU-PAM,Penama
VU-TOB,Torba
WS-AT,Atua
WS-VF,Va'a-o-Fonoti
WS-TU,Tuamasaga
WS-AA,A'ana
WS-AL,Aiga-i-le-Tai
WF-UV,Uvea
FJ-R,Rotuma
SB-CH,Choiseul
PW-350,Peleliu
PW-150,Koror
PW-227,Ngeremlengui
PW-224,Ngatpang
PW-002,Aimeliik
PW-004,Airai
PW-226,Ngchesar
PW-212,Melekeok
PW-228,Ngiwal
PW-214,Ngaraard
PW-218,Ngarchelong
PW-222,Ngardmau
FM-YAP,Yap State
CU-10,Las Tunas
CU-16,Mayabeque
CU-03,Havana
CU-15,Artemisa
CU-01,Pinar del Río
CU-06,Cienfuegos
CU-12,Granma
CU-13,Santiago de Cuba
TW-PEN,Penghu
BH-13,Capital
BH-17,Northern
BH-14,Southern
BH-16,Central
CA-PE,Prince Edward Island
UM-86,Jarvis Island
UM-81,Baker Island
UM-84,Howland Island
MV-05,Laamu Atoll
MV-08,Thaa Atoll
MV-17,Dhaalu Atoll
MV-12,Meemu Atoll
PW-050,Hatohobei
MV-14,Faafu Atoll
MV-04,Vaavu Atoll
MV-12,Malé
PW-370,Sonsorol
MV-25,Noonu Atoll
MV-23,Haa Dhaalu Atoll
MV-07,Haa Alif Atoll
PW-010,Angaur
AI-X00,
UM-79,Wake Island
BS-BI,Bimini
UM-71,Midway Atoll
GB-IOS,Isles of Scilly
NL-BQ2,Saba
UM-76,Navassa Island
MO-M,Macau
BS-RI,Ragged Island
NZ-STL,Southland
NZ-MBH,Marlborough
NZ-NSN,Nelson
NZ-TAS,Tasman
NZ-WTC,West Coast
NZ-OTA,Otago
NZ-CAN,Canterbury
NZ-AUK,Auckland
NZ-WKO,Waikato
NZ-WGN,Wellington
NZ-MWT,Manawatū-Whanganui
NZ-TKI,Taranaki
NZ-NTL,Northland
NZ-BOP,Bay of Plenty
NZ-GIS,Gisborne
NZ-HKB,Hawke's Bay
UM-95,Palmyra Atoll
PW-100,Kayangel
PH-LAP,Lapu-Lapu
AG-11,Redonda
BS-HI,Harbour Island
BS-SW,Spanish Wells
BH-15,Muharraq
ZW-MI,Midlands
ZW-HA,Harare
ZW-BU,Bulawayo
YE-MA,Ma'rib
YE-SN,Sanaa
YE-RA,Raymah
YE-BA,Al Bayda'
YE-AM,'Amran
YE-DA,Ad Dali'
YE-IB,Ibb
YE-MW,Al Mahwit
YE-DH,Dhamar
VN-14,Hòa Bình
VN-07,Tuyên Quang
VN-06,Yên Bái
VN-70,Vĩnh Phúc
VN-68,Phú Thọ
VN-HN,Hanoi
VN-53,Northeast Vietnam
VN-66,Red River Delta
VN-56,Bắc Ninh
VN-54,Bắc Giang
VN-69,Thái Nguyên
VN-61,Hải Dương
VN-63,Hà Nam
VN-57,Bình Dương
VN-35,Lâm Đồng
VN-CT,Cần Thơ
UY-TA,Tacuarembó
UY-DU,Durazno
UY-FS,Flores
UY-FD,Florida
UY-LA,Lavalleja
VE-J,Guárico State
VE-H,Cojedes
VE-A,Capital
VE-E,Barinas
VE-K,Lara
VE-P,Portuguesa
UA-53,Poltava
UA-68,Khmelnytskyi
UA-61,Ternopil
UA-12,Dnipropetrovsk
UA-71,Cherkasy
UA-35,Kirovohrad
TN-34,Siliana
TN-43,Sidi Bouzid
TN-41,Kairouan
TN-22,Zaghouan
CH-BE,Bern
CH-LU,Lucerne
CH-ZG,Zug
CH-UR,Uri
CH-SZ,Schwyz
CH-GL,Glarus
CH-NW,Nidwalden
CH-FR,Fribourg
CH-OW,Obwalden
SI-089,Pesnica
SI-026,Duplek
SI-169,Miklavž na Dravskem Polju
SI-160,Hoče-Slivnica
SI-058,Lenart
SI-181,Sveta Ana
SI-167,Lovrenc na Pohorju
SI-177,Ribnica na Pohorju
SI-112,Slovenj Gradec
SI-141,Vuzenica
PG-CPK,Chimbu
PG-EPW,Enga
PG-WHM,Western Highlands
PG-SHM,Southern Highlands
PG-EHG,Eastern Highlands
MD-CR,Criuleni
MD-ST,Strășeni
MD-AN,Anenii Noi
MD-OR,Orhei
MD-SN,Transnistria
MD-CU,Chișinău
MD-TE,Telenești
MD-SD,Șoldănești
MD-FL,Florești
MD-RE,Rezina
MD-IA,Ialoveni
TR-14,Bolu
TR-06,Ankara
TR-11,Bilecik
TR-26,Eskişehir
TR-18,Çankırı
TR-78,Karabük
IN-JH,Jharkhand
IN-DL,Delhi
IN-CH,Chandigarh
IN-MP,Madhya Pradesh
US-UT,Utah
US-WY,Wyoming
US-NV,Nevada
US-CO,Colorado
US-SD,South Dakota
US-NE,Nebraska
US-KS,Kansas
US-OK,Oklahoma
US-IA,Iowa
US-MO,Missouri
TT-ARI,Arima
TH-40,Khon Kaen
TH-47,Sakon Nakhon
TH-72,Suphan Buri
TH-17,Sing Buri
TH-18,Chai Nat
TH-15,Ang Thong
TH-19,Saraburi
TH-30,Nakhon Ratchasima
TH-26,Nakhon Nayok
TH-13,Pathum Thani
TH-61,Uthai Thani
TH-46,Kalasin
TH-45,Roi Et
TH-44,Maha Sarakham
TH-39,Nong Bua Lam Phu
TH-16,Lopburi
TH-41,Udon Thani
TH-14,Phra Nakhon Si Ayutthaya
TH-12,Nonthaburi
TH-73,Nakhon Pathom
TH-62,Kamphaeng Phet
TH-52,Lampang
TH-64,Sukhothai
TH-60,Nakhon Sawan
TH-67,Phetchabun
TH-66,Phichit
TH-36,Chaiyaphum
TH-54,Phrae
TH-51,Lamphun
TH-25,Prachin Buri
TH-35,Yasothon
TL-ER,Ermera
TL-AL,Aileu
TW-NAN,Nantou
TR-60,Tokat
TR-58,Sivas
TR-19,Çorum
TR-05,Amasya
TZ-16,Morogoro
TZ-03,Dodoma
TZ-26,Manyara
IR-12,Semnan
IR-11,Zanjan
IR-28,Qazvin
TW-TPE,Taipei
TW-CYI,Chiayi
SY-HM,Hama
SI-095,Preddvor
SI-117,Šenčur
SI-012,Cerklje na Gorenjskem
SI-043,Kamnik
SI-071,Medvode
SI-052,Kranj
SI-122,Škofja Loka
SI-146,Železniki
SI-004,Bohinj
SI-082,Naklo
SI-102,Radovljica
SI-126,Šoštanj
SI-062,Ljubno
SI-067,Luče
SI-068,Lukovica
SI-148,Benedikt
SI-057,Laško
SI-154,Dobje
SI-108,Ruše
SI-138,Vodice
SI-164,Komenda
SI-072,Mengeš
SI-140,Vrhnika
SI-162,Horjul
SI-153,Cerkvenjak
SI-186,Trzin
SI-097,Puconci
SI-158,Grad
SI-080,Murska Sobota
SI-182,Sveti Andraž v Slovenskih Goricah
SI-008,Brezovica
SI-021,Dobrova–Polhov Gradec
SI-027,Občina Gorenja vas-Poljane
SI-064,Logatec
SI-185,Trnovska Vas
SI-018,Destrnik
SI-098,Rače–Fram
SI-115,Starše
SI-189,Vransko
SI-133,Velenje
SI-173,Polzela
SI-125,Šmartno ob Paki
SI-079,Mozirje
SI-137,Vitanje
SI-139,Vojnik
SI-144,Zreče
SI-076,Mislinja
SI-05,Zagorje ob Savi
SI-060,Litija
SI-030,Gornji Grad
SI-013,Cerknica
SI-134,Velike Lašče
SI-005,Borovnica
SI-094,Postojna
SI-091,Pivka
SI-155,Dobrna
SI-011,Celje
SI-083,Nazarje
SI-023,Domžale
SI-039,Ivančna Gorica
SI-061,Ljubljana
SI-194,Šmartno pri Litiji
SI-037,Ig
SI-022,Dol pri Ljubljani
SI-174,Prebold
SI-077,Moravče
CH-AR,Appenzell Ausserrhoden
CH-AI,Appenzell Innerrhoden
SE-U,Västmanland
SE-F,Jönköping
SE-T,Örebro
SE-G,Kronoberg
SR-PR,Para
SR-BR,Brokopondo
SD-GZ,Al Jazirah
SD-KH,Khartoum
SD-KN,North Kordofan
SS-LK,Lakes
SS-WR,Warrap
ES-Z,Zaragoza
ES-LO,La Rioja
ES-VI,Araba / Álava
ES-AB,Albacete
ES-TE,Teruel
ES-CU,Cuenca
ES-TO,Toledo
ES-LE,León
ES-SO,Soria
ES-BU,Burgos
ES-AV,Ávila
ZA-GT,Gauteng
SI-020,Dobrepolje
SI-099,Radeče
SI-127,Štore
SI-114,Slovenske Konjice
SI-147,Žiri
SI-171,Oplotnica
SI-014,Cerkno
SI-003,Bled
SI-001,Ajdovščina
SI-019,Divača
SI-036,Idrija
SI-136,Vipava
SI-150,Bloke
SI-120,Šentjur
SI-051,Kozje
SI-124,Šmarje pri Jelšah
SI-110,Sevnica
SI-170,Mirna Peč
SI-130,Trebnje
SI-193,Žužemberk
SI-132,Turnišče
SI-100,Radenci
SI-116,Sveti Jurij ob Ščavnici
SI-187,Velika Polana
SI-002,Beltinci
SI-188,Veržej
SI-086,Odranci
SN-DB,Diourbel
SA-01,Riyadh
SA-05,Al-Qassim
SA-06,Ha'il
SA-11,Al-Baha
RO-CJ,Cluj
RO-BN,Bistrița-Năsăud
RO-SJ,Sălaj
RO-DB,Dâmbovița
RO-IF,Ilfov
RO-AG,Argeș
RO-GJ,Gorj
RO-HD,Hunedoara
RO-VL,Vâlcea
RO-PH,Prahova
RO-CV,Covasna
RO-VN,Vrancea
RO-BZ,Buzău
RO-BV,Brașov
RO-SB,Sibiu
RO-MS,Mureș
RO-HR,Harghita
RO-NT,Neamț
RO-BC,Bacău
RO-AB,Alba
SI-032,Grosuplje
SI-123,Škofljica
SI-034,Hrastnik
SI-190,Žalec
SI-129,Trbovlje
SI-151,Braslovče
SI-184,Tabor
SI-054,Krsko
SI-159,Hajdina
SI-096,Ptuj
SI-069,Majšperk
SI-113,Slovenska Bistrica
SI-168,Markovci
SI-045,Kidričevo
SI-024,Dornava
SI-166,Križevci
SI-042,Juršinci
SI-109,Semič
SI-157,Dolenjske Toplice
SI-179,Sodražica
SI-104,Ribnica
SI-121,Škocjan
RS-20,Nišava
RS-13,Pomoravski
RS-12,Šumadija
RS-17,Moravica
RS-09,Kolubara
NO-05,Oppland
MY-14,Kuala Lumpur
MY-16,Putrajaya
MW-DO,Dowa
MW-BA,Balaka
MW-CR,Chiradzulu
MW-BL,Blantyre
MW-NI,Ntchisi
LT-KU,Kaunas
DO-27,Valverde
DO-26,Santiago Rodríguez
DO-13,La Vega
DO-19,Hermanas Mirabal
DO-06,Duarte
DO-25,Santiago
DO-03,Baoruco
DO-22,San Juan
AZ-NX,Nakhchivan
AZ-SUS,Susa
AZ-XCI,Khojali
AZ-AGM,Agdam
AZ-TAR,Tartar
AZ-GOR,Goranboy
AZ-XVD,Khojavend
AZ-HAC,Hajigabul
AZ-ABS,Absheron
AZ-GYG,Goygol
AZ-KUR,Kurdamir
AZ-ZAR,Zardab
AZ-SAB,Sabirabad
AZ-SR,Şirvan
UG-205,Kamuli
UG-229,Luuka
UG-226,Buyende
UG-204,Jinja
UG-302,Apac
UG-109,Nakasongola
UG-409,Masindi
UG-112,Kayunga
UG-104,Luwero
UG-314,Amolatar
UG-114,Mityana
UG-103,Kiboga
UG-106,Mpigi
UG-119,Butambala
UG-121,Gomba
UG-113,Wakiso
UG-115,Nakaseke
UG-123,Kyankwanzi
UG-213,Kaberamaido
UG-318,Dokolo
UG-415,Kyenjojo
UG-413,Kamwenge
UG-421,Kyegegwa
UG-111,Sembabule
UG-407,Kibaale
UG-107,Mubende
RO-BR,Brăila
RO-IL,Ialomița
QA-US,Umm Salal
PT-18,Viseu
PH-AGS,Agusan del Sur
PH-BUK,Bukidnon
PH-NCO,Cotabato
PH-SCO,South Cotabato
PE-CUS,Cusco Departament
PE-AYA,Ayacucho
PE-APU,Apurímac
PE-HUV,Huancavelica
PE-SAM,San Martín
PE-HUC,Huanuco
PE-PAS,Pasco
PE-JUN,Junín
PY-2,San Pedro
PY-5,Caaguazú
PY-3,Cordillera
PY-6,Caazapá
PY-9,Paraguarí
PY-4,Guairá
PK-IS,Islamabad Capital Territory
NI-MT,Matagalpa
NI-BO,Boaco
NI-CO,Chontales
NI-ES,Estelí
NI-GR,Granada
NI-MS,Masaya
NL-FL,Flevoland
NL-UT,Utrecht
MA-05,Fès-méknas-boulmane
MA-12,Tadla-Azilal
ME-11,Mojkovac
ME-06,Cetinje
ME-18,Šavnik
ME-09,Kolašin
ME-07,Danilovgrad
MD-CL,Călărași
MD-DR,Drochia
MD-SI,Sîngerei
MD-BA,Bălți
MG-T,Antananarivo
MG-M,Betsiboka
MG-T,Antananarivo
MG-T,Antananarivo
MG-F,Amoron'i Mania
MG-A,Toamasina
LV-094,Valmiera
LV-015,Balvi
LV-096,Valmiera
LV-017,Valmiera
LV-019,Valmiera
LV-045,Valmiera
LV-REZ,Rēzekne
LV-104,Valmiera
LV-076,Valmiera
LV-075,Valmiera
LV-070,Valmiera
LV-048,Krimulda
LV-033,Gulbene
LV-082,Rugāji
LV-039,Valmiera
LV-001,Aglona
LV-078,Riebiņi
LV-109,Viļāni
LV-012,Babīte
LV-031,Garkalne
LV-052,Ķekava
LV-062,Mārupe
LV-068,Olaine
LV-087,Salaspils
LV-095,Stopiņi
LV-090,Sēja
LV-061,Mālpils
LV-091,Sigulda
LV-059,Madona
LV-057,Valmiera
LV-102,Valmiera
LV-008,Valmiera
LV-030,Valmiera
LV-021,Valmiera
LV-067,Ogre
LV-080,Ropaži
LV-035,Ikskile
LV-013,Baldone
LV-051,Ķegums
LV-034,Iecava
LV-072,Pļaviņas
LV-046,Koknese
LV-002,Aizkraukle
LV-092,Skrīveri
LV-053,Lielvārde
LV-038,Jaunjelgava
LV-073,Preiļi
LV-056,Līvāni
LV-103,Vārkava
LV-JKB,Jēkabpils
LV-049,Krustpils
LV-086,Sala
LV-003,Aizpute
LV-050,Kuldīga
LV-006,Alsunga
LV-093,Skrunda
LV-043,Kandava
LV-099,Tukums
LV-026,Dobele
LV-040,Jaunpils
LV-018,Brocēni
LV-069,Ozolnieki
KG-GB,Bishkek
KW-FA,Al Farwaniyah
KE-110,Nairobi
KE-200,Central
JO-AJ,Ajloun
JO-JA,Jerash
JP-10,Gunma Prefecture
JP-20,Nagano Prefecture
JP-09,Tochigi Prefecture
JP-21,Gifu Prefecture
JP-25,Shiga Prefecture
JP-11,Saitama Prefecture
JP-19,Yamanashi Prefecture
JP-29,Nara Prefecture
CI-02,Haut-Sassandra
CI-16,Agnéby
CI-11,N'zi-Comoé
CI-12,Marahoué
CI-18,Fromager
CI-04,Vallée du Bandama
CI-07,Lacs
CI-14,Worodougou
IE-KE,Kildare
IE-CW,Carlow
IE-LS,Laois
IE-D,South Dublin
IE-OY,Offaly
IE-WH,Westmeath
IE-LD,Longford
IE-RN,Roscommon
IE-TA,Tipperary
IE-TA,Tipperary
IE-WD,Waterford
IE-LK,Limerick
HN-CM,Comayagua
HN-YO,Yoro
HN-FM,Francisco Morazán
GN-KS,Kissidougou Prefecture
GN-KE,Kérouané Prefecture
GN-TE,Télimélé Prefecture
GN-LE,Lélouma Prefecture
GN-DL,Dalaba Prefecture
GN-LA,Labé Prefecture
GN-PI,Pita Prefecture
GN-KO,Kouroussa Prefecture
GN-FR,Fria Prefecture
GT-CM,Chimaltenango
GT-SA,Sacatepéquez
GT-GU,Guatemala
GT-JA,Jalapa
GT-PR,El Progreso
GT-SO,Sololá
GT-QZ,Quetzaltenango
GT-BV,Baja Verapaz
GT-TO,Totonicapán
GH-AH,Ashanti
GH-EP,Eastern
DE-HE,Hesse
DE-TH,Thuringia
DE-ST,Saxony-Anhalt
DE-BE,Berlin
GA-3,Moyen-Ogooué
EE-70,Rapla
EE-51,Järva
ER-AN,Anseba
SV-CU,Cuscatlán
SV-SS,San Salvador
EG-C,Cairo
EG-GZ,Giza
EG-MN,Minya
EG-FYM,Faiyum
EG-BNS,Beni Suef
EG-MNF,Monufia
EG-KB,Qalyubia
EG-GH,Gharbia
EG-SHG,Sohag
EG-KN,Qena
EG-AST,Asyut
EC-A,Azuay
EC-F,Cañar
EC-N,Napo
EC-T,Tungurahua
EC-H,Chimborazo
EC-B,Bolívar
EC-I,Imbabura
EC-X,Cotopaxi
EC-R,Los Ríos
EC-P,Pichincha
EC-SD,Santo Domingo de los Tsáchilas
DO-28,Monseñor Nouel
DO-24,Sánchez Ramírez
DO-31,San José de Ocoa
DO-29,Monte Plata
HR-07,Bjelovar-Bilogora
HR-21,Zagreb
HR-12,Požega-Slavonia
CR-SJ,San José
CR-C,Cartago
CO-CAQ,Caquetá
CO-HUI,Huila
CO-GUV,Guaviare
CO-CAL,Caldas
CO-CAS,Casanare
CO-MET,Meta
CO-CUN,Bogotá
CO-SAN,Santander
CO-TOL,Tolima
CO-QUI,Quindío
CO-CUN,Cundinamarca
CO-RIS,Risaralda
CN-BJ,Beijing
CD-KE,Kasaï-Oriental
CD-MA,Maniema
CN-SC,Sichuan
CN-CQ,Chongqing
CN-GZ,Guizhou
CN-HN,Hunan
CN-NX,Ningxia
CN-SN,Shaanxi
CN-QH,Qinghai
CN-SX,Shanxi
CN-JX,Jiangxi
CN-HA,Henan
CN-HB,Hubei
CN-AH,Anhui
TD-BG,Bahr el Gazel
TD-TA,Tandjilé
TD-LO,Logone Occidental
TD-GR,Guéra
TD-BA,Batha
CM-OU,West
CM-CE,Centre
KH-4,Kampong Chhnang
KH-6,Kampong Thom
KH-5,Kam
KH-12,Phnom Penh
BR-GO,Goiás
BR-DF,Federal
BR-MG,Minas Gerais
BR-TO,Tocantins
BW-KW,Kweneng
BW-GA,Gaborone
BW-JW,Jwaneng
BO-C,Cochabamba
BT-21,Tsirang
BT-24,Wangdue Phodrang
BT-22,Dagana
BT-23,Punakha
BT-42,Mongar
BT-32,Trongsa
BT-43,Pemagatshel
BY-MI,Minsk
BB-03,Saint George
BB-11,Saint Thomas
AZ-SAT,Saatly
AZ-BAR,Barda
AZ-SKR,Shamkir
AZ-AGU,Agsu
CF-KB,Nana-Grébizi Economic Prefecture
AZ-SMI,Shamakhi
AZ-QBA,Quba
AZ-UCA,Ujar
AZ-QOB,Gobustan
AZ-ISM,Ismayilli
AZ-YEV,Yevlakh
AZ-GA,Ganja
AZ-MI,Mingachevir
AZ-GOY,Goychay
AZ-AGS,Agdash
AZ-AGC,Aghjabadi
AU-ACT,Australian Capital Territory
AT-9,Vienna
AM-KT,Kotayk
AM-ER,Yerevan
AR-S,Santa Fe
AR-T,Tucumán
AR-G,Santiago del Estero
AR-D,San Luis
AR-L,La Pampa
AR-X,Córdoba
AO-BIE,Bié
AO-CNO,Cuanza Norte
AO-HUI,Huíla
AO-HUA,Huambo
DZ-19,Sétif
DZ-34,Bordj Bou Arréridj
DZ-10,Bouïra
DZ-09,Blida
DZ-38,Tissemsilt
DZ-44,Aïn Defla
DZ-48,Relizane
DZ-32,El Bayadh
DZ-20,Saïda
DZ-22,Sidi Bel Abbès
DZ-29,Mascara
DZ-47,Ghardaïa
DZ-03,Laghouat
DZ-26,Médéa
DZ-14,Tiaret
DZ-28,M'Sila
DZ-05,Batna
DZ-40,Khenchela
DZ-24,Guelma
DZ-25,Constantine
DZ-43,Mila
DZ-04,Oum El Bouaghi
DZ-07,Biskra
DZ-17,Djelfa
AL-01,Berat
AF-URU,Urozgan
AF-GHA,Ghazni
AF-PAR,Parwan
AF-KAB,Kabul
AF-LAG,Laghman
AF-LOG,Logar
AF-KAP,Kapisa
AF-WAR,Maidan Wardak
AF-BAM,Bamyan
AF-PAR,Parwan
AF-SAR,Sar-e Pol
AF-GHO,Ghōr
AF-BGL,Baghlan
AF-SAM,Samangan
AF-URU,Urozgan
GB-CAY,Caerphilly
GB-RCT,Rhondda Cynon Taf
GB-BGW,Blaenau Gwent
UG-321,Oyam
UG-307,Lira
UG-326,Kole
UG-312,Pader
UG-416,Ibanda
UG-410,Mbarara
UG-304,Gulu
UG-420,Kiryandongo
UG-203,Iganga
UG-124,Lwengo
UG-118,Bukomansimbi
UG-122,Kalungu
UG-102,Kampala
UG-220,Kaliro
UG-322,Agago
UG-306,Kotido
UG-317,Abim
UG-330,Otuke
UG-323,Alebtong
UG-216,Amuria
UG-207,Katakwi
UG-232,Serere
UG-211,Soroti
UG-210,Pallisa
UG-410,Mbarara
UG-116,Lyantonde
UG-105,Masaka
GB-TOF,Torfaen
GB-MTY,Merthyr Tydfil
GB-NLK,North Lanarkshire
GB-EDU,East Dunbartonshire
GB-GLG,Glasgow
GB-ERW,East Renfrewshire
GB-EAY,East Ayrshire
GB-SLK,South Lanarkshire
GB-MFT,Magherafelt
GB-OMH,Omagh
GB-CKT,Mid Ulster
GB-CGV,Craigavon
GB-BNB,Banbridge
GB-ANT,Antrim
GB-LSB,Lisburn
GB-BLY,Ballymoney
GB-BLA,Ballymena
GB-CSR,Castlereagh
GB-WND,Wandsworth
GB-MRT,Merton
GB-WSM,Westminster
GB-KEC,Kensington and Chelsea
GB-HNS,Hounslow
GB-EAL,Ealing
GB-HMF,Hammersmith and Fulham
GB-STT,Stockton-on-Tees
GB-DAL,Darlington
GB-MDB,Middlesbrough
GB-RIC,Richmond upon Thames
GB-LND,London
GB-TWH,Tower Hamlets
GB-GAT,Gateshead
GB-NET,Newcastle upon Tyne
GB-YOR,York
GB-SHN,Merseyside
GB-ENF,Enfield
GB-HRT,Hertfordshire
GB-BNE,Barnet
GB-WFT,Waltham Forest
GB-RDB,Redbridge
GB-HAV,Havering
GB-CAM,Cambridgeshire
GB-BEX,Bexley
GB-STN,Sutton
GB-MIK,Milton Keynes
GB-BKM,Buckinghamshire
GB-HIL,Hillingdon
GB-BEN,Brent
GB-LUT,Luton
GB-HRW,Harrow
GB-CBF,Central Bedfordshire
GB-BDF,Bedford
GB-RUT,Rutland
GB-NTT,Nottinghamshire
GB-NTH,Northamptonshire
GB-CMD,Camden
GB-ISL,Islington
GB-PTE,Peterborough
GB-LBH,Lambeth
GB-SWK,Southwark
GB-DNC,Doncaster
GB-CRY,Croydon
GB-LEW,Lewisham
GB-HRY,Haringey
GB-KTT,Kingston upon Thames
GB-NWM,Newham
GB-GRE,Greenwich
GB-HCK,Hackney
GB-BDG,Barking and Dagenham
GB-LEC,Leicestershire
GB-CHE,Cheshire East
GB-DBY,Derbyshire
GB-ROT,Rotherham
GB-SHF,Sheffield
GB-STE,Stoke-on-Trent
GB-TFW,Telford and Wrekin
GB-STS,Staffordshire
GB-BRY,Bromley
GB-WOR,Worcestershire
GB-WAR,Warwickshire
GB-OXF,Oxfordshire
GB-WGN,Wigan
GB-SKP,Stockport
GB-WRT,Warrington
GB-WBK,West Berkshire
GB-WOK,Wokingham
GB-BRC,Bracknell Forest
GB-WNM,Windsor and Maidenhead
GB-SLG,Slough
GB-RDG,Reading
GB-SRY,Surrey
GB-BBD,Blackburn with Darwen
GB-SWD,Swindon
GB-BAS,Bath and North East Somerset
GB-WIL,Wiltshire
GB-CLD,Calderdale
GB-KIR,Kirklees
GB-NGM,Nottingham
GB-LCE,Leicester
GB-DER,Derby
UG-108,Mukono
UG-117,Buikwe
UG-311,Nakapiripirit
UG-228,Kween
UG-325,Buhweju
UG-425,Sheema
UG-422,Mitooma
UG-402,Bushenyi
UG-225,Bulambuli
UG-215,Sironko
UG-201,Bugiri
UG-329,Nwoya
UG-209,Mbale
UG-217,Budaka
UG-219,Butaleja
UG-227,Kibuku
UG-328,Napak
UG-208,Kumi
UG-231,Ngora
UG-224,Bukedea
UG-222,Namutumba
TR-43,Kütahya
TR-42,Konya
TR-70,Karaman
TR-51,Niğde
TR-38,Kayseri
TR-32,Isparta
TR-45,Manisa
TR-20,Denizli
TR-15,Burdur
TR-68,Aksaray
TR-50,Nevşehir
TR-66,Yozgat
TR-40,Kırşehir
TR-64,Uşak
TR-24,Erzincan
TR-62,Tunceli
TR-03,Afyonkarahisar
TR-71,Kırıkkale
TR-46,Kahramanmaraş
TR-49,Muş
TR-25,Erzurum
TR-44,Malatya
TR-23,Elazığ
TR-13,Bitlis
TR-12,Bingöl
NG-AB,Abia State
NG-EB,Ebonyi State
NG-AN,Anambra State
NG-ED,Edo State
NG-BA,Bauchi State
NG-PL,Plateau State
NG-NA,Nasarawa State
NG-GO,Gombe State
NG-EN,Enugu State
NG-KO,Kogi State
NG-OS,Osun State
NG-IM,Imo State
TR-80,Osmaniye
TR-02,Adıyaman
TR-21,Diyarbakır
TR-72,Batman
TR-56,Siirt
TR-69,Bayburt
TR-29,Gümüşhane
TZ-23,Singida
TZ-24,Tabora
TZ-04,Iringa
TZ-18,Mwanza
TZ-30,Simiyu
TZ-27,Geita
TZ-22,Shinyanga
LK-91,Ratnapura
LK-82,Monaragala
LK-92,Kegalle
LK-81,Badulla
LK-22,Matale
LK-72,Polonnaruwa
LK-61,Kurunegala
LK-71,Anuradhapura
LK-23,Nuwara Eliya
LK-44,Vavuniya
LK-21,Kandy
SO-BY,Bay
RU-BA,Bashkortostan
RU-SVE,Sverdlovsk
RU-KHM,Khanty-Mansi Autonomous Okrug
RU-LIP,Lipetsk
RU-TAM,Tambov
RU-TOM,Tomsk
RU-TA,Republic of Tatarstan
RU-ULY,Ulyanovsk
RU-PNZ,Penza
RU-KEM,Kemerovo
RU-ORL,Oryol
RU-IRK,Irkutsk
RU-KK,Republic of Khakassia
RU-MO,Republic of Mordovia
RU-KLU,Kaluga
RU-KOS,Kostroma
RU-YAR,Yaroslavl
RU-VLA,Vladimir
RU-RYA,Ryazan
RU-IVA,Ivanovo
RU-NIZ,Nizhny Novgorod
RU-TUL,Tula
KR-11,Seoul
KR-30,Daejeon
KR-50,Sejong
KR-43,North Chungcheong
KR-29,Gwangju
KR-27,Daegu
RU-CU,Chuvash Republic
RU-VLG,Vologda
RU-NGR,Novgorod
RU-TVE,Tver
RU-MOW,Moscow
RU-MOS,Moscow
RU-ME,Mari El Republic
RU-KIR,Kirov
RU-UD,Udmurt Republic
RU-KO,Komi Republic
RU-PER,Perm Krai
RU-SAM,Samara
RU-STA,Stavropol Krai
RU-AD,Republic of Adygea
PL-MZ,Masovian Voivodeship
PL-LD,Łódź Voivodeship
PL-KP,Kuyavian-Pomeranian Voivodeship
PL-WP,Greater Poland Voivodeship
PL-SK,Świętokrzyskie Voivodeship
PH-MNL,Muntinlupa
PH-MNL,Caloocan
PH-MNL,Malabon
PH-MNL,Valenzuela City
PH-MNL,Quezon City
PH-NUE,Nueva Ecija
PH-LAG,Laguna
PH-RIZ,Rizal
PH-MNL,Taguig City
PH-MNL,Marikina
PH-MNL,Pasig
PH-QUI,Quirino
PH-ISA,Santiago
PH-NUV,Nueva Vizcaya
PH-BEN,Benguet
PH-IFU,Ifugao
PH-MOU,Mountain
PH-TAR,Tarlac
PH-APA,Apayao
PH-KAL,Kalinga
PH-ABR,Abra
OM-DA,Ad Dakhiliyah
NG-EK,Ekiti State
NG-KD,Kaduna State
NG-KN,Kano State
NG-FC,Federal Capital Territory
KP-01,Pyongyang
NA-KH,Khomas
NA-ON,Oshana
NA-OT,Oshikoto
MN-037,Darkhan-Uul
MN-047,Töv
MN-073,Arkhangai
MN-035,Orkhon
MN-059,Dundgovi
MN-055,Övörkhangai
MN-064,Govisümber
MX-MEX,State of Mexico
MX-PUE,Puebla
MX-MOR,Morelos
MX-QUE,Querétaro
MX-HID,Hidalgo
MX-GUA,Guanajuato
MX-SLP,San Luis Potosí
MX-ZAC,Zacatecas
MX-AGU,Aguascalientes
MX-DUR,Durango
MN-1,Ulaanbaatar
MX-TLA,Tlaxcala
MX-DIF,Mexico
MR-09,Tagant
MK-30,Želino
MK-08,Brvenica
MK-52,Makedonski Brod
MK-57,Oslomej
MK-70,Sopište
MK-38,Karpoš
MK-84,Šuto Orizari
MK-09,Butel
MK-79,Čair
MK-77,Centar
MK-31,Zajas
MK-27,Dolneni
MK-45,Krivogaštani
MK-53,Mogila
MK-80,Čaška
MK-67,Rosoman
MK-54,Negotino
MK-28,Drugovo
MK-17,Gazi Baba
MK-46,Kruševo
MK-25,Demir Hisar
MK-01,Aerodrom
MK-74,Studeničani
MK-39,Kisela Voda
MK-63,Probištip
MK-81,Češinovo-Obleševo
MK-02,Aračinovo
MK-32,Zelenikovo
MK-40,Kičevo
MK-61,Plasnica
MK-15,Vraneštica
MK-85,Skopje
MK-49,Lozovo
MK-69,Sveti Nikole
MK-20,Gradsko
MK-43,Kratovo
MK-34,Ilinden
MK-37,Karbinci
MK-83,Štip
MK-42,Kočani
MK-33,Zrnovci
MK-13,Veles
MK-24,Demir Kapija
MK-14,Vinica
MK-07,Bosilovo
MK-64,Radoviš
MK-11,Vasilevo
MK-41,Konče
LY-JI,Jafara
LY-MZ,Mizdah
LY-JU,Jufra
LY-SB,Sabha
LY-WD,Wadi al Hayaa
KZ-AKM,Akmola
KZ-KAR,Karaganda
IQ-BG,Baghdad
IQ-BB,Babylon
IQ-QA,Al-Qādisiyyah
IQ-DQ,Dhi Qar
IQ-KA,Karbala
IR-22,Markazi
IR-04,Isfahan
IR-08,Chaharmahal and Bakhtiari
IR-18,Kohgiluyeh and Boyer-Ahmad
IR-14,Fars
IR-15,Kerman
IR-24,Hamadan
IR-20,Lorestan
IR-25,Yazd
IR-26,Qom
IR-07,Tehran
IR-07,Alborz
IN-CT,Chhattisgarh
IN-HR,Haryana
IN-TG,Telangana
HU-JN,Jász-Nagykun-Szolnok
HU-FE,Fejér
HU-VE,Veszprém
HU-TO,Tolna
HU-SK,Szolnok
HU-BU,Budapest
HU-ED,Érd
HU-HE,Heves
HU-EG,Eger
HU-MI,Miskolc
HU-HV,Hódmezővásárhely
HU-DU,Dunaújváros
HU-KM,Kecskemét
HU-TB,Tatabánya
GE-TB,Tbilisi
GE-IM,Imereti
FI-15,Northern Savonia
FI-04,Southern Savonia
FI-08,Central Finland
FI-03,Southern Ostrobothnia
FI-11,Pirkanmaa
FI-06,Tavastia Proper
FI-16,Päijänne Tavastia
ET-DD,Dire Dawa
ET-AA,Addis Ababa
ET-HA,Harari
BI-GI,Gitega
BI-MU,Muramvya
BI-MW,Mwaro
BI-KR,Karuzi
BF-BAL,Balé
BF-SNG,Sanguié
BF-TUI,Tuy
BF-BGR,Bougouriba
BF-MOU,Mouhoun
BF-KOT,Kouritenga
BF-GAN,Ganzourgou
BF-ZOU,Zoundwéogo
BF-ZIR,Ziro
BF-BLK,Boulkiemdé
BF-KAD,Kadiogo
BF-OUB,Oubritenga
BF-GOU,Gourma
BF-GNA,Gnagna
BF-BAZ,Bazèga
BF-KOW,Kourwéogo
BF-NAY,Nayala
BF-PAS,Passoré
BF-ZON,Zondoma
BF-NAM,Namentenga
BF-SMT,Sanmatenga
BF-BAM,Bam
MM-03,Magway
MM-04,Mandalay
BG-16,Plovdiv
BG-24,Stara Zagora
BG-20,Sliven
BG-27,Shumen
BG-17,Razgrad
BG-25,Targovishte
BG-07,Gabrovo
BG-13,Pazardzhik
BG-11,Lovech
BG-22,Sofia
RW-01,Kigali
YE-SA,Sanaa
US-WI,Wisconsin
US-IL,Illinois
US-KY,Kentucky
US-AR,Arkansas
US-TN,Tennessee
US-WV,West Virginia
US-IN,Indiana
CZ-VY,Vysočina
CZ-ST,Central Bohemian
CZ-PR,Prague
BY-HM,Minsk
UA-30,Kyiv
UZ-TK,Tashkent
KZ-ALA,Almaty
KZ-AST,Nur-Sultan
AZ-XA,Stepanakert
SY-DI,Damascus
RO-B,Bucharest
LV-JEL,Jelgava
LV-DGV,Daugavpils
LV-REZ,Rēzekne
NE-8,Niamey
ML-BKO,Bamako
AD-07,Andorra la Vella
HU-GY,Győr
HU-SH,Szombathely
HU-ZE,Zalaegerszeg
HU-NK,Nagykanizsa
HU-VM,Veszprém
HU-KV,Kaposvár
HU-PS,Pécs
HU-SS,Szekszárd
HU-SF,Székesfehérvár
HU-BC,Békéscsaba
HU-DE,Debrecen
HU-NY,Nyíregyháza
NR-07,Buada
CV-SS,São Salvador do Mundo
CV-SO,São Lourenço dos Órgãos
AZ-YEV,Yevlakh
BM-SG,St. George
MU-MO,Moka
MU-PW,Plaines Wilhems
MU-BR,Beau Bassin-Rose Hill
MU-PL,Port Louis
MU-QB,Quatre Bornes
MU-VP,Vacoas-Phoenix
MU-CU,Curepipe
SC-17,Mont Buxton
SC-22,Saint Louis
SC-24,Les Mamelles
IT-EN,Enna
IT-BN,Benevento
IT-AT,Asti
IT-BG,Bergamo
IT-BS,Brescia
IT-CR,Cremona
IT-MN,Mantua
IT-MI,Milan
IT-LC,Lecco
IT-MB,Monza and Brianza
IT-LO,Lodi
IT-SI,Siena
IT-AR,Arezzo
IT-FI,Florence
IT-VC,Vercelli
IT-PV,Pavia
IT-RI,Rieti
IT-NO,Novara
IT-AL,Alessandria
IT-TN,Trentino
IT-VI,Vicenza
IT-VR,Verona
IT-TV,Treviso
IT-PC,Piacenza
IT-PR,Parma
IT-RE,Reggio Emilia
IT-MO,Modena
IT-BO,Bologna
IT-PT,Pistoia
IT-TR,Terni
IT-PG,Perugia
IT-FR,Frosinone
IT-AV,Avellino
IT-AQ,L'Aquila
IT-PN,Pordenone
IT-IS,Isernia
IT-BI,Biella
IT-PO,Prato
FR-32,Gers
FR-87,Haute-Vienne
FR-19,Corrèze
FR-82,Tarn-et-Garonne
FR-81,Tarn
FR-38,Isère
FR-26,Drôme
FR-12,Aveyron
FR-46,Lot
FR-37,Indre-et-Loire
FR-36,Indre
FR-41,Loir-et-Cher
FR-23,Creuse
FR-53,Mayenne
FR-72,Sarthe
FR-84,Vaucluse
FR-52,Haute-Marne
FR-51,Marne
FR-24,Dordogne
FR-69,Rhône
FR-88,Vosges
FR-07,Ardèche
FR-42,Loire
FR-63,Puy-de-Dôme
FR-03,Allier
FR-45,Loiret
FR-49,Maine-et-Loire
FR-10,Aube
FR-75,Paris
FR-92,Hauts-de-Seine
FR-93,Seine-Saint-Denis
FR-95,Val-d'Oise
FR-78,Yvelines
FR-16,Charente
FR-18,Cher
FR-28,Eure-et-Loir
FR-43,Haute-Loire
FR-15,Cantal
FR-47,Lot-et-Garonne
FR-48,Lozère
FR-58,Nièvre
FR-21,Côte-d’Or
FR-60,Oise
FR-61,Orne
FR-70,Haute-Saône
FR-71,Saône-et-Loire
FR-79,Deux-Sèvres
FR-86,Vienne
FR-89,Yonne
FR-91,Essonne
FR-77,Seine-et-Marne
FR-94,Val-de-Marne
TJ-DU,Dushanbe
EG-LX,Luxor
BW-FR,Francistown
BW-LO,Lobatse
BW-SP,Selebi-Phikwe
BW-ST,Sowa
PH-CAS,Naga
PH-PAM,Angeles
PH-BEN,Baguio
PH-MNL,Makati
PH-MNL,Pateros
PH-MNL,Mandaluyong
PH-MNL,San Juan
AZ-NA,Naftalan
AZ-SA,Shaki
GB-LDS,Leeds
GB-BRD,Bradford
GB-WKF,Wakefield
GB-BNS,Barnsley
GB-SLF,Salford
GB-BOL,Bolton
GB-TRF,Trafford
GB-MAN,Manchester
GB-OLD,Oldham
GB-RCH,Rochdale
GB-TAM,Tameside
GB-BUR,Bury
GB-SOL,Solihull
GB-COV,Coventry
GB-BIR,Birmingham
GB-SAW,Sandwell
GB-DUD,Dudley
GB-WLL,Walsall
GB-WLV,Wolverhampton
LV-028,Durbe
LV-037,Inčukalns
LV-011,Ādaži
LV-VMR,Valmiera
LV-022,Cēsis
LV-055,Valmiera
LV-JKB,Jēkabpils
ES-P,Palencia
ES-CR,Ciudad Real
ES-CO,Córdoba
ES-GU,Guadalajara
ES-J,Jaén
ES-M,Community of Madrid
ES-SG,Segovia
ES-VA,Valladolid
MG-F,Ihorombe
MG-F,Haute Matsiatra
MG-T,Antananarivo
MT-45,Victoria
MT-10,Fontana
MT-62,Xewkija
MT-32,Mosta
MT-24,Lija
MT-01,Attard
MT-35,Mtarfa
MT-29,Mdina
MT-66,Żebbuġ Gozo
MT-43,Qormi
MT-57,Swieqi
MT-15,Għargħur
MT-49,San Ġwann
MT-19,Iklin
MT-04,Birkirkara
MT-02,Balzan
MT-54,Santa Venera
MT-18,Ħamrun
MT-26,Marsa
MT-25,Luqa
MT-33,Mqabba
MT-23,Kirkop
MT-47,Safi
MT-17,Għaxaq
MT-67,Żejtun
MT-08,Fgura
MT-59,Tarxien
MT-53,Santa Luċija
MT-11,Gudja
MT-39,Paola
MT-12,Gżira
MT-09,Floriana
MT-58,Ta' Xbiex
MT-20,Senglea
MT-06,Cospicua
MT-41,Pietà
MT-34,Msida
MT-03,Birgu